ctime,schemaname,relname,seq_scan,seq_tup_read,idx_scan,idx_tup_fetch,n_tup_ins,n_tup_upd,n_tup_del,n_tup_hot_upd,n_live_tup,n_dead_tup,heap_blks_read,heap_blks_hit,idx_blks_read,idx_blks_hit,toast_blks_read,toast_blks_hit,tidx_blks_read,tidx_blks_hit
1430600804.8483,pg_catalog,pg_operator,3,2295,255,1258,0,0,0,0,765,0,42,900,20,581,,,,
1430600804.8483,pg_catalog,pg_extension,3,3,0,0,0,0,0,0,1,0,2,2,0,0,,,,
1430600804.8483,pg_catalog,pg_authid,439,439,10069,10069,0,0,0,0,1,0,96,10425,320,19818,,,,
1430600804.8483,public,customer,6,1440000,22,27,240000,12,0,0,240000,12,136322,49283,37,133,,,,
1430600804.8483,pg_catalog,pg_statistic,2,830,1253,1068,92,415,0,187,92,309,70,2086,14,3185,37,340,4,288
1430600804.8483,pg_catalog,pg_opfamily,3,258,0,0,0,0,0,0,86,0,4,4,0,0,,,,
1430600804.8483,public,order_line,4,9112860,21,409,2278304,106,0,0,2278304,106,162514,63140,25,640,,,,
1430600804.8483,pg_catalog,pg_shdescription,30,87,13,0,0,0,0,0,3,0,27,16,27,0,0,0,0,0
1430600804.8483,pg_catalog,pg_event_trigger,3,0,27,0,0,0,0,0,0,0,0,0,2,25,,,,
1430600804.8483,pg_catalog,pg_user_mapping,3,0,0,0,0,0,0,0,0,0,0,0,0,0,,,,
1430600804.8483,pg_catalog,pg_inherits,3,0,84,0,0,0,0,0,0,0,0,0,2,82,,,,
1430600804.8483,pg_toast,pg_toast_3596,0,0,0,0,0,0,0,0,0,0,0,0,0,0,,,,
1430600804.8483,pg_catalog,pg_rewrite,3,327,9,9,0,0,0,0,109,0,23,30,4,12,45,46,8,138
1430600804.8483,pg_catalog,pg_foreign_data_wrapper,3,0,0,0,0,0,0,0,0,0,0,0,0,0,,,,
1430600804.8483,pg_catalog,pg_largeobject_metadata,2,0,0,0,0,0,0,0,0,0,0,0,0,0,,,,
1430600804.8483,pg_catalog,pg_opclass,7,388,383,4909,0,0,0,0,128,0,9,1734,12,488,,,,
1430600804.8483,pg_catalog,pg_attrdef,3,0,0,0,0,0,0,0,0,0,0,0,0,0,0,0,0,0
1430600804.8483,pg_catalog,pg_default_acl,3,0,59,0,0,0,0,0,0,0,0,0,2,57,,,,
1430600804.8483,pg_catalog,pg_aggregate,2,266,5,5,0,0,0,0,133,0,5,6,4,6,,,,
1430600804.8483,pg_toast,pg_toast_12329,0,0,0,0,0,0,0,0,0,0,0,0,0,0,,,,
1430600804.8483,public,new_order,4,288000,20,20,72007,0,10,0,71997,10,793,2362,12,78,,,,
1430600804.8483,pg_catalog,pg_ts_dict,3,48,0,0,0,0,0,0,16,0,2,2,0,0,,,,
1430600804.8483,pg_catalog,pg_index,25,1077,1098,1349,27,0,17,0,123,17,13,1206,12,1307,,,,
1430600804.8483,public,warehouse,18,120,0,0,8,2,0,2,8,2,3,16,1,10,,,,
1430600804.8483,pg_catalog,pg_tablespace,81,162,3786,3786,0,0,0,0,2,0,76,3804,146,7464,,,,
1430600804.8483,pg_toast,pg_toast_2619,0,0,198,457,75,0,14,0,61,14,37,340,4,288,,,,
1430600804.8483,pg_catalog,pg_constraint,5,50,8,0,8,0,0,0,10,0,6,33,8,64,0,0,0,0
1430600804.8483,pg_toast,pg_toast_2618,0,0,67,209,0,0,0,0,0,0,45,46,4,69,,,,
1430600804.8483,pg_catalog,pg_cast,3,594,1808,374,0,0,0,0,198,0,6,376,6,1845,,,,
1430600804.8483,pg_catalog,pg_ts_config,3,48,0,0,0,0,0,0,16,0,2,2,0,0,,,,
1430600804.8483,pg_catalog,pg_ts_parser,3,3,0,0,0,0,0,0,1,0,2,2,0,0,,,,
1430600804.8483,pg_toast,pg_toast_2620,0,0,0,0,0,0,0,0,0,0,0,0,0,0,,,,
1430600804.8483,pg_toast,pg_toast_2396,0,0,0,0,0,0,0,0,0,0,0,0,0,0,,,,
1430600804.8483,pg_catalog,pg_largeobject,2,0,0,0,0,0,0,0,0,0,0,0,0,0,,,,
1430600804.8483,pg_catalog,pg_enum,4,0,0,0,0,0,0,0,0,0,0,0,0,0,,,,
1430600804.8483,pg_catalog,pg_foreign_table,2,0,0,0,0,0,0,0,0,0,0,0,0,0,,,,
1430600804.8483,pg_catalog,pg_collation,3,1806,0,0,0,0,0,0,602,0,38,38,0,0,,,,
1430600804.8483,pg_catalog,pg_am,107,119,0,0,0,0,0,0,5,0,3,105,0,0,,,,
1430600804.8483,pg_catalog,pg_proc,3,8073,336,389,6,0,0,0,2691,0,162,496,36,750,0,0,0,0
1430600804.8483,pg_catalog,pg_shdepend,39,39,4422,1106,0,0,0,0,1,0,27,1131,108,4602,,,,
1430600804.8483,pg_catalog,pg_language,4,16,10,10,0,0,0,0,4,0,2,13,4,18,,,,
1430600804.8483,pg_catalog,pg_range,2,12,2,0,0,0,0,0,6,0,2,1,2,2,,,,
1430600804.8483,pg_catalog,pg_attribute,26,7762,2845,10195,1401,20,1219,1,2491,1218,141,6362,37,11478,,,,
1430600804.8483,pg_catalog,pg_database,2186,8499,65352,65324,14,0,13,0,4,0,51,67525,414,78275,,,,
1430600804.8483,pg_catalog,pg_conversion,4,528,0,0,0,0,0,0,132,0,6,9,0,0,,,,
1430600804.8483,pg_catalog,pg_type,3,1093,1447,1088,173,0,151,0,361,151,26,1462,20,3518,,,,
1430600804.8483,pg_catalog,pg_trigger,4,0,0,0,0,0,0,0,0,0,0,0,0,0,0,0,0,0
1430600804.8483,information_schema,sql_implementation_info,1,12,,,0,0,0,0,12,0,2,0,,,0,0,0,0
1430600804.8483,information_schema,sql_languages,1,4,,,0,0,0,0,4,0,2,0,,,0,0,0,0
1430600804.8483,public,orders,6,1440000,20,20,240007,10,0,0,240007,10,3876,15486,38,147,,,,
1430600804.8483,pg_toast,pg_toast_12309,0,0,0,0,0,0,0,0,0,0,0,0,0,0,,,,
1430600804.8483,pg_toast,pg_toast_12334,0,0,0,0,0,0,0,0,0,0,0,0,0,0,,,,
1430600804.8483,public,stock,4,3200000,375,202,800000,89,0,0,799999,89,203137,76196,186,1219,,,,
1430600804.8483,pg_catalog,pg_amop,4,1744,302,373,0,0,0,0,436,0,12,381,21,675,,,,
1430600804.8483,pg_toast,pg_toast_1255,0,0,0,0,0,0,0,0,0,0,0,0,0,0,,,,
1430600804.8483,pg_toast,pg_toast_12314,0,0,0,0,0,0,0,0,0,0,0,0,0,0,,,,
1430600804.8483,pg_toast,pg_toast_12324,0,0,0,0,0,0,0,0,0,0,0,0,0,0,,,,
1430600804.8483,pg_catalog,pg_amproc,7,1040,283,456,0,0,0,0,344,0,9,284,9,650,,,,
1430600804.8483,pg_toast,pg_toast_2964,0,0,0,0,0,0,0,0,0,0,0,0,0,0,,,,
1430600804.8483,pg_catalog,pg_ts_template,3,15,0,0,0,0,0,0,5,0,2,2,0,0,,,,
1430600804.8483,pg_catalog,pg_db_role_setting,39,0,26648,0,0,0,0,0,0,0,0,0,99,26549,0,0,0,0
1430600804.8483,pg_toast,pg_toast_2609,0,0,0,0,0,0,0,0,0,0,0,0,0,0,,,,
1430600804.8483,information_schema,sql_parts,1,9,,,0,0,0,0,9,0,2,0,,,0,0,0,0
1430600804.8483,public,history,1,240000,,,240002,0,0,0,240002,0,5671,7189,,,,,,
1430600804.8483,pg_catalog,pg_class,52,5657,3467,3102,122,324,101,68,316,359,29,4786,33,8565,,,,
1430600804.8483,pg_catalog,pg_seclabel,2,0,252,0,0,0,0,0,0,0,0,0,2,250,0,0,0,0
1430600804.8483,public,item,4,400000,89,89,100000,0,0,0,100000,0,2635,9101,61,125,,,,
1430600804.8483,pg_catalog,pg_ts_config_map,2,608,0,0,0,0,0,0,304,0,4,2,0,0,,,,
1430600804.8483,information_schema,sql_sizing,1,23,,,0,0,0,0,23,0,2,0,,,0,0,0,0
1430600804.8483,pg_toast,pg_toast_12339,0,0,0,0,0,0,0,0,0,0,0,0,0,0,,,,
1430600804.8483,information_schema,sql_packages,1,10,,,0,0,0,0,10,0,2,0,,,0,0,0,0
1430600804.8483,pg_toast,pg_toast_2606,0,0,0,0,0,0,0,0,0,0,0,0,0,0,,,,
1430600804.8483,pg_catalog,pg_pltemplate,26,208,0,0,0,0,0,0,8,0,26,13,0,0,,,,
1430600804.8483,pg_catalog,pg_auth_members,39,0,0,0,0,0,0,0,0,0,0,0,0,0,,,,
1430600804.8483,pg_catalog,pg_depend,3,20120,2731,2507,348,0,256,0,6672,256,103,3172,39,6884,,,,
1430600804.8483,pg_toast,pg_toast_2604,0,0,0,0,0,0,0,0,0,0,0,0,0,0,,,,
1430600804.8483,pg_catalog,pg_shseclabel,26,0,13,0,0,0,0,0,0,0,0,0,13,0,,,,
1430600804.8483,information_schema,sql_features,1,672,,,0,0,0,0,672,0,14,0,,,0,0,0,0
1430600804.8483,public,district,30,1920,0,0,80,9,0,8,80,1,8,66,2,13,,,,
1430600804.8483,pg_toast,pg_toast_12319,0,0,0,0,0,0,0,0,0,0,0,0,0,0,,,,
1430600804.8483,pg_catalog,pg_description,2,7372,252,0,0,0,0,0,3686,0,64,32,6,501,0,0,0,0
1430600804.8483,pg_catalog,pg_namespace,7,42,329,244,0,0,0,0,6,0,3,249,11,421,,,,
1430600804.8483,information_schema,sql_sizing_profiles,1,0,,,0,0,0,0,0,0,0,0,,,0,0,0,0
1430600804.8483,pg_catalog,pg_foreign_server,3,0,0,0,0,0,0,0,0,0,0,0,0,0,,,,
1430600864.85546,pg_catalog,pg_operator,3,2295,2897,19727,0,0,0,0,765,0,69,13667,27,6089,,,,
1430600864.85546,pg_catalog,pg_extension,3,3,0,0,0,0,0,0,1,0,2,2,0,0,,,,
1430600864.85546,pg_catalog,pg_authid,442,442,10309,10309,0,0,0,0,1,0,97,10667,324,20294,,,,
1430600864.85546,public,customer,6,1440000,99393,255187,240000,40779,0,20794,240000,24122,304605,232957,33141,387190,,,,
1430600864.85546,pg_catalog,pg_statistic,2,830,7537,7346,92,415,0,187,92,309,75,8359,18,15826,38,2356,5,1772
1430600864.85546,pg_catalog,pg_opfamily,3,258,0,0,0,0,0,0,86,0,4,4,0,0,,,,
1430600864.85546,public,order_line,4,9112860,43175,652849,2507415,186770,0,63633,2505337,169527,173444,1071007,8408,1190954,,,,
1430600864.85546,pg_catalog,pg_shdescription,30,87,13,0,0,0,0,0,3,0,27,16,27,0,0,0,0,0
1430600864.85546,pg_catalog,pg_event_trigger,3,0,27,0,0,0,0,0,0,0,0,0,2,25,,,,
1430600864.85546,pg_catalog,pg_user_mapping,3,0,0,0,0,0,0,0,0,0,0,0,0,0,,,,
1430600864.85546,pg_catalog,pg_inherits,3,0,84,0,0,0,0,0,0,0,0,0,2,82,,,,
1430600864.85546,pg_toast,pg_toast_3596,0,0,0,0,0,0,0,0,0,0,0,0,0,0,,,,
1430600864.85546,pg_catalog,pg_rewrite,3,327,16,16,0,0,0,0,109,0,27,33,4,24,51,47,8,154
1430600864.85546,pg_catalog,pg_foreign_data_wrapper,3,0,0,0,0,0,0,0,0,0,0,0,0,0,,,,
1430600864.85546,pg_catalog,pg_largeobject_metadata,2,0,0,0,0,0,0,0,0,0,0,0,0,0,,,,
1430600864.85546,pg_catalog,pg_opclass,9,390,1317,18727,0,0,0,0,128,0,10,7117,14,1574,,,,
1430600864.85546,pg_catalog,pg_attrdef,3,0,0,0,0,0,0,0,0,0,0,0,0,0,0,0,0,0
1430600864.85546,pg_catalog,pg_default_acl,3,0,59,0,0,0,0,0,0,0,0,0,2,57,,,,
1430600864.85546,pg_catalog,pg_aggregate,2,266,164,164,0,0,0,0,133,0,7,163,6,242,,,,
1430600864.85546,pg_toast,pg_toast_12329,0,0,0,0,0,0,0,0,0,0,0,0,0,0,,,,
1430600864.85546,public,new_order,4,288000,39320,37925,93835,0,18110,0,75498,18337,1158,82630,316,193068,,,,
1430600864.85546,pg_catalog,pg_ts_dict,3,48,0,0,0,0,0,0,16,0,2,2,0,0,,,,
1430600864.85546,pg_catalog,pg_index,37,1699,2775,3184,27,0,17,0,123,17,16,2906,14,3133,,,,
1430600864.85546,public,warehouse,42981,262424,31274,31274,8,21119,0,20467,8,2945,111,2336931,2,32007,,,,
1430600864.85546,pg_catalog,pg_tablespace,81,162,3901,3901,0,0,0,0,2,0,77,3918,149,7693,,,,
1430600864.85546,pg_toast,pg_toast_2619,0,0,1611,4892,75,0,14,0,61,14,38,2356,5,1772,,,,
1430600864.85546,pg_catalog,pg_constraint,5,50,8,0,8,0,0,0,10,0,6,33,8,64,0,0,0,0
1430600864.85546,pg_toast,pg_toast_2618,0,0,72,225,0,0,0,0,0,0,51,47,4,77,,,,
1430600864.85546,pg_catalog,pg_cast,3,594,12460,2841,0,0,0,0,198,0,7,2842,6,12574,,,,
1430600864.85546,pg_catalog,pg_ts_config,3,48,0,0,0,0,0,0,16,0,2,2,0,0,,,,
1430600864.85546,pg_catalog,pg_ts_parser,3,3,0,0,0,0,0,0,1,0,2,2,0,0,,,,
1430600864.85546,pg_toast,pg_toast_2620,0,0,0,0,0,0,0,0,0,0,0,0,0,0,,,,
1430600864.85546,pg_toast,pg_toast_2396,0,0,0,0,0,0,0,0,0,0,0,0,0,0,,,,
1430600864.85546,pg_catalog,pg_largeobject,2,0,0,0,0,0,0,0,0,0,0,0,0,0,,,,
1430600864.85546,pg_catalog,pg_enum,4,0,0,0,0,0,0,0,0,0,0,0,0,0,,,,
1430600864.85546,pg_catalog,pg_foreign_table,2,0,0,0,0,0,0,0,0,0,0,0,0,0,,,,
1430600864.85546,pg_catalog,pg_collation,3,1806,0,0,0,0,0,0,602,0,38,38,0,0,,,,
1430600864.85546,pg_catalog,pg_am,181,193,0,0,0,0,0,0,5,0,4,178,0,0,,,,
1430600864.85546,pg_catalog,pg_proc,3,8073,3945,5211,6,0,0,0,2691,0,187,4641,54,8254,0,0,0,0
1430600864.85546,pg_catalog,pg_shdepend,39,39,4422,1106,0,0,0,0,1,0,27,1131,108,4602,,,,
1430600864.85546,pg_catalog,pg_language,4,16,10,10,0,0,0,0,4,0,2,13,4,18,,,,
1430600864.85546,pg_catalog,pg_range,2,12,2,0,0,0,0,0,6,0,2,1,2,2,,,,
1430600864.85546,pg_catalog,pg_attribute,37,7837,10065,25989,1401,20,1219,1,2491,1218,170,14511,47,25985,,,,
1430600864.85546,pg_catalog,pg_database,2189,8505,65727,65699,14,0,13,0,4,0,51,67903,418,78887,,,,
1430600864.85546,pg_catalog,pg_conversion,4,528,0,0,0,0,0,0,132,0,6,9,0,0,,,,
1430600864.85546,pg_catalog,pg_type,3,1093,5280,4921,173,0,151,0,361,0,27,5294,22,11259,,,,
1430600864.85546,pg_catalog,pg_trigger,4,0,0,0,0,0,0,0,0,0,0,0,0,0,0,0,0,0
1430600864.85546,information_schema,sql_implementation_info,1,12,,,0,0,0,0,12,0,2,0,,,0,0,0,0
1430600864.85546,information_schema,sql_languages,1,4,,,0,0,0,0,4,0,2,0,,,0,0,0,0
1430600864.85546,public,orders,6,1440000,41252,41559,261835,19660,0,15186,261608,5515,6335,106728,17615,266234,,,,
1430600864.85546,pg_toast,pg_toast_12309,0,0,0,0,0,0,0,0,0,0,0,0,0,0,,,,
1430600864.85546,pg_toast,pg_toast_12334,0,0,0,0,0,0,0,0,0,0,0,0,0,0,,,,
1430600864.85546,public,stock,4,3200000,719280,470393,800000,229200,0,0,799999,229200,341273,716867,27402,2828096,,,,
1430600864.85546,pg_catalog,pg_amop,4,1744,1815,2440,0,0,0,0,436,0,15,2445,27,3847,,,,
1430600864.85546,pg_toast,pg_toast_1255,0,0,0,0,0,0,0,0,0,0,0,0,0,0,,,,
1430600864.85546,pg_toast,pg_toast_12314,0,0,0,0,0,0,0,0,0,0,0,0,0,0,,,,
1430600864.85546,pg_toast,pg_toast_12324,0,0,0,0,0,0,0,0,0,0,0,0,0,0,,,,
1430600864.85546,pg_catalog,pg_amproc,9,1044,825,1221,0,0,0,0,344,0,13,828,14,1803,,,,
1430600864.85546,pg_toast,pg_toast_2964,0,0,0,0,0,0,0,0,0,0,0,0,0,0,,,,
1430600864.85546,pg_catalog,pg_ts_template,3,15,0,0,0,0,0,0,5,0,2,2,0,0,,,,
1430600864.85546,pg_catalog,pg_db_role_setting,39,0,27132,0,0,0,0,0,0,0,0,0,100,27032,0,0,0,0
1430600864.85546,pg_toast,pg_toast_2609,0,0,0,0,0,0,0,0,0,0,0,0,0,0,,,,
1430600864.85546,information_schema,sql_parts,1,9,,,0,0,0,0,9,0,2,0,,,0,0,0,0
1430600864.85546,public,history,1,240000,,,261119,0,0,0,261119,0,5949,28927,,,,,,
1430600864.85546,pg_catalog,pg_class,69,7564,8021,6844,122,324,101,68,316,359,38,8618,38,14901,,,,
1430600864.85546,pg_catalog,pg_seclabel,2,0,252,0,0,0,0,0,0,0,0,0,2,250,0,0,0,0
1430600864.85546,public,item,4,400000,229427,229200,100000,0,0,0,100000,0,15617,225230,790,459221,,,,
1430600864.85546,pg_catalog,pg_ts_config_map,2,608,0,0,0,0,0,0,304,0,4,2,0,0,,,,
1430600864.85546,information_schema,sql_sizing,1,23,,,0,0,0,0,23,0,2,0,,,0,0,0,0
1430600864.85546,pg_toast,pg_toast_12339,0,0,0,0,0,0,0,0,0,0,0,0,0,0,,,,
1430600864.85546,information_schema,sql_packages,1,10,,,0,0,0,0,10,0,2,0,,,0,0,0,0
1430600864.85546,pg_toast,pg_toast_2606,0,0,0,0,0,0,0,0,0,0,0,0,0,0,,,,
1430600864.85546,pg_catalog,pg_pltemplate,26,208,0,0,0,0,0,0,8,0,26,13,0,0,,,,
1430600864.85546,pg_catalog,pg_auth_members,39,0,0,0,0,0,0,0,0,0,0,0,0,0,,,,
1430600864.85546,pg_catalog,pg_depend,3,20120,2731,2507,348,0,256,0,6672,256,103,3172,39,6884,,,,
1430600864.85546,pg_toast,pg_toast_2604,0,0,0,0,0,0,0,0,0,0,0,0,0,0,,,,
1430600864.85546,pg_catalog,pg_shseclabel,26,0,13,0,0,0,0,0,0,0,0,0,13,0,,,,
1430600864.85546,information_schema,sql_features,1,672,,,0,0,0,0,672,0,14,0,,,0,0,0,0
1430600864.85546,public,district,22783,1718880,77295,77295,80,42954,0,42691,80,1556,54,775714,2,77642,,,,
1430600864.85546,pg_toast,pg_toast_12319,0,0,0,0,0,0,0,0,0,0,0,0,0,0,,,,
1430600864.85546,pg_catalog,pg_description,2,7372,252,0,0,0,0,0,3686,0,64,32,6,501,0,0,0,0
1430600864.85546,pg_catalog,pg_namespace,9,54,683,521,0,0,0,0,6,0,3,528,12,853,,,,
1430600864.85546,information_schema,sql_sizing_profiles,1,0,,,0,0,0,0,0,0,0,0,,,0,0,0,0
1430600864.85546,pg_catalog,pg_foreign_server,3,0,0,0,0,0,0,0,0,0,0,0,0,0,,,,
1430600924.87269,pg_catalog,pg_operator,3,2295,2914,19744,0,0,0,0,765,0,72,13681,33,6125,,,,
1430600924.87269,pg_catalog,pg_extension,3,3,0,0,0,0,0,0,1,0,2,2,0,0,,,,
1430600924.87269,pg_catalog,pg_authid,443,443,10319,10319,0,0,0,0,1,0,98,10677,328,20310,,,,
1430600924.87269,public,customer,6,1440000,201429,514286,240000,82899,0,56794,240000,32530,480038,382488,62567,702972,,,,
1430600924.87269,pg_catalog,pg_statistic,2,830,7562,7365,92,415,0,187,92,309,81,8372,22,15877,38,2356,5,1772
1430600924.87269,pg_catalog,pg_opfamily,3,258,0,0,0,0,0,0,86,0,4,4,0,0,,,,
1430600924.87269,public,order_line,4,9112860,88198,1287837,2740418,382214,0,127852,2736102,349957,188018,2125973,17141,2423047,,,,
1430600924.87269,pg_catalog,pg_shdescription,30,87,13,0,0,0,0,0,3,0,27,16,27,0,0,0,0,0
1430600924.87269,pg_catalog,pg_event_trigger,3,0,27,0,0,0,0,0,0,0,0,0,2,25,,,,
1430600924.87269,pg_catalog,pg_user_mapping,3,0,0,0,0,0,0,0,0,0,0,0,0,0,,,,
1430600924.87269,pg_catalog,pg_inherits,3,0,84,0,0,0,0,0,0,0,0,0,2,82,,,,
1430600924.87269,pg_toast,pg_toast_3596,0,0,0,0,0,0,0,0,0,0,0,0,0,0,,,,
1430600924.87269,pg_catalog,pg_rewrite,3,327,23,23,0,0,0,0,109,0,32,35,6,34,57,48,12,166
1430600924.87269,pg_catalog,pg_foreign_data_wrapper,3,0,0,0,0,0,0,0,0,0,0,0,0,0,,,,
1430600924.87269,pg_catalog,pg_largeobject_metadata,2,0,0,0,0,0,0,0,0,0,0,0,0,0,,,,
1430600924.87269,pg_catalog,pg_opclass,9,390,1333,18910,0,0,0,0,128,0,13,7182,18,1595,,,,
1430600924.87269,pg_catalog,pg_attrdef,3,0,0,0,0,0,0,0,0,0,0,0,0,0,0,0,0,0
1430600924.87269,pg_catalog,pg_default_acl,3,0,59,0,0,0,0,0,0,0,0,0,2,57,,,,
1430600924.87269,pg_catalog,pg_aggregate,2,266,165,165,0,0,0,0,133,0,8,163,8,242,,,,
1430600924.87269,pg_toast,pg_toast_12329,0,0,0,0,0,0,0,0,0,0,0,0,0,0,,,,
1430600924.87269,public,new_order,4,288000,80420,77504,116057,0,36970,0,78618,37439,1413,165782,547,411767,,,,
1430600924.87269,pg_catalog,pg_ts_dict,3,48,0,0,0,0,0,0,16,0,2,2,0,0,,,,
1430600924.87269,pg_catalog,pg_index,42,2314,2813,3235,27,0,17,0,123,17,17,2958,18,3178,,,,
1430600924.87269,public,warehouse,84445,512392,65390,65390,8,42689,0,41473,8,4130,196,6361564,2,66687,,,,
1430600924.87269,pg_catalog,pg_tablespace,81,162,3906,3906,0,0,0,0,2,0,78,3922,151,7701,,,,
1430600924.87269,pg_toast,pg_toast_2619,0,0,1611,4892,75,0,14,0,61,14,38,2356,5,1772,,,,
1430600924.87269,pg_catalog,pg_constraint,5,50,8,0,8,0,0,0,10,0,6,33,8,64,0,0,0,0
1430600924.87269,pg_toast,pg_toast_2618,0,0,77,241,0,0,0,0,0,0,57,48,6,83,,,,
1430600924.87269,pg_catalog,pg_cast,3,594,12529,2869,0,0,0,0,198,0,8,2869,8,12646,,,,
1430600924.87269,pg_catalog,pg_ts_config,3,48,0,0,0,0,0,0,16,0,2,2,0,0,,,,
1430600924.87269,pg_catalog,pg_ts_parser,3,3,0,0,0,0,0,0,1,0,2,2,0,0,,,,
1430600924.87269,pg_toast,pg_toast_2620,0,0,0,0,0,0,0,0,0,0,0,0,0,0,,,,
1430600924.87269,pg_toast,pg_toast_2396,0,0,0,0,0,0,0,0,0,0,0,0,0,0,,,,
1430600924.87269,pg_catalog,pg_largeobject,2,0,0,0,0,0,0,0,0,0,0,0,0,0,,,,
1430600924.87269,pg_catalog,pg_enum,4,0,0,0,0,0,0,0,0,0,0,0,0,0,,,,
1430600924.87269,pg_catalog,pg_foreign_table,2,0,0,0,0,0,0,0,0,0,0,0,0,0,,,,
1430600924.87269,pg_catalog,pg_collation,3,1806,0,0,0,0,0,0,602,0,38,38,0,0,,,,
1430600924.87269,pg_catalog,pg_am,187,199,0,0,0,0,0,0,5,0,5,183,0,0,,,,
1430600924.87269,pg_catalog,pg_proc,3,8073,4023,5324,6,0,0,0,2691,0,200,4721,66,8408,0,0,0,0
1430600924.87269,pg_catalog,pg_shdepend,39,39,4422,1106,0,0,0,0,1,0,27,1131,108,4602,,,,
1430600924.87269,pg_catalog,pg_language,4,16,10,10,0,0,0,0,4,0,2,13,4,18,,,,
1430600924.87269,pg_catalog,pg_range,2,12,2,0,0,0,0,0,6,0,2,1,2,2,,,,
1430600924.87269,pg_catalog,pg_attribute,37,7837,10263,26310,1401,20,1219,1,2491,1218,178,14703,52,26384,,,,
1430600924.87269,pg_catalog,pg_database,2191,8513,65831,65803,14,0,13,0,4,0,52,68008,426,78995,,,,
1430600924.87269,pg_catalog,pg_conversion,4,528,0,0,0,0,0,0,132,0,6,9,0,0,,,,
1430600924.87269,pg_catalog,pg_type,3,1093,5372,5013,173,0,151,0,361,0,31,5382,25,11445,,,,
1430600924.87269,pg_catalog,pg_trigger,4,0,0,0,0,0,0,0,0,0,0,0,0,0,0,0,0,0
1430600924.87269,information_schema,sql_implementation_info,1,12,,,0,0,0,0,12,0,2,0,,,0,0,0,0
1430600924.87269,information_schema,sql_languages,1,4,,,0,0,0,0,4,0,2,0,,,0,0,0,0
1430600924.87269,public,orders,6,1440000,84322,85694,284057,40210,0,31563,283588,10022,9396,200593,38669,535221,,,,
1430600924.87269,pg_toast,pg_toast_12309,0,0,0,0,0,0,0,0,0,0,0,0,0,0,,,,
1430600924.87269,pg_toast,pg_toast_12334,0,0,0,0,0,0,0,0,0,0,0,0,0,0,,,,
1430600924.87269,public,stock,4,3200000,1410014,946949,800000,462203,0,0,799999,462203,486614,1310650,70850,5563955,,,,
1430600924.87269,pg_catalog,pg_amop,4,1744,1848,2481,0,0,0,0,436,0,17,2484,33,3915,,,,
1430600924.87269,pg_toast,pg_toast_1255,0,0,0,0,0,0,0,0,0,0,0,0,0,0,,,,
1430600924.87269,pg_toast,pg_toast_12314,0,0,0,0,0,0,0,0,0,0,0,0,0,0,,,,
1430600924.87269,pg_toast,pg_toast_12324,0,0,0,0,0,0,0,0,0,0,0,0,0,0,,,,
1430600924.87269,pg_catalog,pg_amproc,9,1044,840,1244,0,0,0,0,344,0,14,842,17,1836,,,,
1430600924.87269,pg_toast,pg_toast_2964,0,0,0,0,0,0,0,0,0,0,0,0,0,0,,,,
1430600924.87269,pg_catalog,pg_ts_template,3,15,0,0,0,0,0,0,5,0,2,2,0,0,,,,
1430600924.87269,pg_catalog,pg_db_role_setting,39,0,27156,0,0,0,0,0,0,0,0,0,102,27054,0,0,0,0
1430600924.87269,pg_toast,pg_toast_2609,0,0,0,0,0,0,0,0,0,0,0,0,0,0,,,,
1430600924.87269,information_schema,sql_parts,1,9,,,0,0,0,0,9,0,2,0,,,0,0,0,0
1430600924.87269,public,history,1,240000,,,282689,0,0,0,282689,0,6189,50977,,,,,,
1430600924.87269,pg_catalog,pg_class,75,9460,8324,7147,122,324,101,68,316,359,40,8967,45,15220,,,,
1430600924.87269,pg_catalog,pg_seclabel,2,0,252,0,0,0,0,0,0,0,0,0,2,250,0,0,0,0
1430600924.87269,public,item,4,400000,462672,462203,100000,0,0,0,100000,0,28899,444951,1360,926202,,,,
1430600924.87269,pg_catalog,pg_ts_config_map,2,608,0,0,0,0,0,0,304,0,4,2,0,0,,,,
1430600924.87269,information_schema,sql_sizing,1,23,,,0,0,0,0,23,0,2,0,,,0,0,0,0
1430600924.87269,pg_toast,pg_toast_12339,0,0,0,0,0,0,0,0,0,0,0,0,0,0,,,,
1430600924.87269,information_schema,sql_packages,1,10,,,0,0,0,0,10,0,2,0,,,0,0,0,0
1430600924.87269,pg_toast,pg_toast_2606,0,0,0,0,0,0,0,0,0,0,0,0,0,0,,,,
1430600924.87269,pg_catalog,pg_pltemplate,26,208,0,0,0,0,0,0,8,0,26,13,0,0,,,,
1430600924.87269,pg_catalog,pg_auth_members,39,0,0,0,0,0,0,0,0,0,0,0,0,0,,,,
1430600924.87269,pg_catalog,pg_depend,3,20120,2731,2507,348,0,256,0,6672,256,103,3172,39,6884,,,,
1430600924.87269,pg_toast,pg_toast_2604,0,0,0,0,0,0,0,0,0,0,0,0,0,0,,,,
1430600924.87269,pg_catalog,pg_shseclabel,26,0,13,0,0,0,0,0,0,0,0,0,13,0,,,,
1430600924.87269,information_schema,sql_features,1,672,,,0,0,0,0,672,0,14,0,,,0,0,0,0
1430600924.87269,public,district,43588,3281920,157844,157844,80,86746,0,86464,80,1724,58,1642532,2,158210,,,,
1430600924.87269,pg_toast,pg_toast_12319,0,0,0,0,0,0,0,0,0,0,0,0,0,0,,,,
1430600924.87269,pg_catalog,pg_description,2,7372,252,0,0,0,0,0,3686,0,64,32,6,501,0,0,0,0
1430600924.87269,pg_catalog,pg_namespace,11,66,821,654,0,0,0,0,6,0,4,662,16,994,,,,
1430600924.87269,information_schema,sql_sizing_profiles,1,0,,,0,0,0,0,0,0,0,0,,,0,0,0,0
1430600924.87269,pg_catalog,pg_foreign_server,3,0,0,0,0,0,0,0,0,0,0,0,0,0,,,,
1430600984.95849,pg_catalog,pg_operator,3,2295,2931,19761,0,0,0,0,765,0,75,13695,39,6161,,,,
1430600984.95849,pg_catalog,pg_extension,3,3,0,0,0,0,0,0,1,0,2,2,0,0,,,,
1430600984.95849,pg_catalog,pg_authid,444,444,10329,10329,0,0,0,0,1,0,99,10687,332,20326,,,,
1430600984.95849,public,customer,6,1440000,297709,759150,240000,122421,0,84905,240000,54836,654008,531363,99861,1027449,,,,
1430600984.95849,pg_catalog,pg_statistic,2,830,8467,8264,92,415,0,187,92,309,87,9265,26,17688,38,2356,5,1772
1430600984.95849,pg_catalog,pg_opfamily,3,258,0,0,0,0,0,0,86,0,4,4,0,0,,,,
1430600984.95849,public,order_line,4,9112860,130074,1864986,2961617,563242,0,149072,2955360,526284,204258,3264095,26165,3696169,,,,
1430600984.95849,pg_catalog,pg_shdescription,30,87,13,0,0,0,0,0,3,0,27,16,27,0,0,0,0,0
1430600984.95849,pg_catalog,pg_event_trigger,3,0,27,0,0,0,0,0,0,0,0,0,2,25,,,,
1430600984.95849,pg_catalog,pg_user_mapping,3,0,0,0,0,0,0,0,0,0,0,0,0,0,,,,
1430600984.95849,pg_catalog,pg_inherits,3,0,84,0,0,0,0,0,0,0,0,0,2,82,,,,
1430600984.95849,pg_toast,pg_toast_3596,0,0,0,0,0,0,0,0,0,0,0,0,0,0,,,,
1430600984.95849,pg_catalog,pg_rewrite,3,327,30,30,0,0,0,0,109,0,37,37,8,44,63,49,16,178
1430600984.95849,pg_catalog,pg_foreign_data_wrapper,3,0,0,0,0,0,0,0,0,0,0,0,0,0,,,,
1430600984.95849,pg_catalog,pg_largeobject_metadata,2,0,0,0,0,0,0,0,0,0,0,0,0,0,,,,
1430600984.95849,pg_catalog,pg_opclass,9,390,1347,19091,0,0,0,0,128,0,16,7245,22,1611,,,,
1430600984.95849,pg_catalog,pg_attrdef,3,0,0,0,0,0,0,0,0,0,0,0,0,0,0,0,0,0
1430600984.95849,pg_catalog,pg_default_acl,3,0,59,0,0,0,0,0,0,0,0,0,2,57,,,,
1430600984.95849,pg_catalog,pg_aggregate,2,266,166,166,0,0,0,0,133,0,9,163,10,242,,,,
1430600984.95849,pg_toast,pg_toast_12329,0,0,0,0,0,0,0,0,0,0,0,0,0,0,,,,
1430600984.95849,public,new_order,4,288000,118620,114453,137161,0,54680,0,81808,55353,1864,248181,892,632963,,,,
1430600984.95849,pg_catalog,pg_ts_dict,3,48,0,0,0,0,0,0,16,0,2,2,0,0,,,,
1430600984.95849,pg_catalog,pg_index,47,2929,2988,3423,27,0,17,0,123,17,20,3145,22,3357,,,,
1430600984.95849,public,warehouse,123979,751144,97494,97494,8,63111,0,61406,8,16389,369,12456629,2,99280,,,,
1430600984.95849,pg_catalog,pg_tablespace,81,162,3911,3911,0,0,0,0,2,0,79,3926,153,7709,,,,
1430600984.95849,pg_toast,pg_toast_2619,0,0,1611,4892,75,0,14,0,61,14,38,2356,5,1772,,,,
1430600984.95849,pg_catalog,pg_constraint,5,50,8,0,8,0,0,0,10,0,6,33,8,64,0,0,0,0
1430600984.95849,pg_toast,pg_toast_2618,0,0,82,257,0,0,0,0,0,0,63,49,8,89,,,,
1430600984.95849,pg_catalog,pg_cast,3,594,12598,2897,0,0,0,0,198,0,9,2896,10,12718,,,,
1430600984.95849,pg_catalog,pg_ts_config,3,48,0,0,0,0,0,0,16,0,2,2,0,0,,,,
1430600984.95849,pg_catalog,pg_ts_parser,3,3,0,0,0,0,0,0,1,0,2,2,0,0,,,,
1430600984.95849,pg_toast,pg_toast_2620,0,0,0,0,0,0,0,0,0,0,0,0,0,0,,,,
1430600984.95849,pg_toast,pg_toast_2396,0,0,0,0,0,0,0,0,0,0,0,0,0,0,,,,
1430600984.95849,pg_catalog,pg_largeobject,2,0,0,0,0,0,0,0,0,0,0,0,0,0,,,,
1430600984.95849,pg_catalog,pg_enum,4,0,0,0,0,0,0,0,0,0,0,0,0,0,,,,
1430600984.95849,pg_catalog,pg_foreign_table,2,0,0,0,0,0,0,0,0,0,0,0,0,0,,,,
1430600984.95849,pg_catalog,pg_collation,3,1806,0,0,0,0,0,0,602,0,38,38,0,0,,,,
1430600984.95849,pg_catalog,pg_am,190,202,0,0,0,0,0,0,5,0,6,185,0,0,,,,
1430600984.95849,pg_catalog,pg_proc,3,8073,4101,5437,6,0,0,0,2691,0,213,4801,78,8562,0,0,0,0
1430600984.95849,pg_catalog,pg_shdepend,39,39,4422,1106,0,0,0,0,1,0,27,1131,108,4602,,,,
1430600984.95849,pg_catalog,pg_language,4,16,10,10,0,0,0,0,4,0,2,13,4,18,,,,
1430600984.95849,pg_catalog,pg_range,2,12,2,0,0,0,0,0,6,0,2,1,2,2,,,,
1430600984.95849,pg_catalog,pg_attribute,37,7837,10678,28349,1401,20,1219,1,2491,1218,192,15249,59,27212,,,,
1430600984.95849,pg_catalog,pg_database,2193,8521,65936,65908,14,0,13,0,4,0,53,68114,434,79104,,,,
1430600984.95849,pg_catalog,pg_conversion,4,528,0,0,0,0,0,0,132,0,6,9,0,0,,,,
1430600984.95849,pg_catalog,pg_type,3,1093,5464,5105,173,0,151,0,361,0,35,5470,28,11631,,,,
1430600984.95849,pg_catalog,pg_trigger,4,0,0,0,0,0,0,0,0,0,0,0,0,0,0,0,0,0
1430600984.95849,information_schema,sql_implementation_info,1,12,,,0,0,0,0,12,0,2,0,,,0,0,0,0
1430600984.95849,information_schema,sql_languages,1,4,,,0,0,0,0,4,0,2,0,,,0,0,0,0
1430600984.95849,public,orders,6,1440000,124407,127507,305161,59310,0,37845,304488,23696,13306,307746,65577,833840,,,,
1430600984.95849,pg_toast,pg_toast_12309,0,0,0,0,0,0,0,0,0,0,0,0,0,0,,,,
1430600984.95849,pg_toast,pg_toast_12334,0,0,0,0,0,0,0,0,0,0,0,0,0,0,,,,
1430600984.95849,public,stock,4,3200000,2048986,1398283,800000,683402,0,0,799999,683402,648527,2295060,128878,8094391,,,,
1430600984.95849,pg_catalog,pg_amop,4,1744,1881,2522,0,0,0,0,436,0,19,2523,39,3983,,,,
1430600984.95849,pg_toast,pg_toast_1255,0,0,0,0,0,0,0,0,0,0,0,0,0,0,,,,
1430600984.95849,pg_toast,pg_toast_12314,0,0,0,0,0,0,0,0,0,0,0,0,0,0,,,,
1430600984.95849,pg_toast,pg_toast_12324,0,0,0,0,0,0,0,0,0,0,0,0,0,0,,,,
1430600984.95849,pg_catalog,pg_amproc,9,1044,853,1263,0,0,0,0,344,0,15,854,20,1862,,,,
1430600984.95849,pg_toast,pg_toast_2964,0,0,0,0,0,0,0,0,0,0,0,0,0,0,,,,
1430600984.95849,pg_catalog,pg_ts_template,3,15,0,0,0,0,0,0,5,0,2,2,0,0,,,,
1430600984.95849,pg_catalog,pg_db_role_setting,39,0,27180,0,0,0,0,0,0,0,0,0,104,27076,0,0,0,0
1430600984.95849,pg_toast,pg_toast_2609,0,0,0,0,0,0,0,0,0,0,0,0,0,0,,,,
1430600984.95849,information_schema,sql_parts,1,9,,,0,0,0,0,9,0,2,0,,,0,0,0,0
1430600984.95849,public,history,1,240000,,,303111,0,0,0,303111,0,6431,71850,,,,,,
1430600984.95849,pg_catalog,pg_class,81,11356,9131,7954,122,324,101,68,316,359,48,9814,54,16181,,,,
1430600984.95849,pg_catalog,pg_seclabel,2,0,252,0,0,0,0,0,0,0,0,0,2,250,0,0,0,0
1430600984.95849,public,item,4,400000,684075,683402,100000,0,0,0,100000,0,45357,649692,2247,1369144,,,,
1430600984.95849,pg_catalog,pg_ts_config_map,2,608,0,0,0,0,0,0,304,0,4,2,0,0,,,,
1430600984.95849,information_schema,sql_sizing,1,23,,,0,0,0,0,23,0,2,0,,,0,0,0,0
1430600984.95849,pg_toast,pg_toast_12339,0,0,0,0,0,0,0,0,0,0,0,0,0,0,,,,
1430600984.95849,information_schema,sql_packages,1,10,,,0,0,0,0,10,0,2,0,,,0,0,0,0
1430600984.95849,pg_toast,pg_toast_2606,0,0,0,0,0,0,0,0,0,0,0,0,0,0,,,,
1430600984.95849,pg_catalog,pg_pltemplate,26,208,0,0,0,0,0,0,8,0,26,13,0,0,,,,
1430600984.95849,pg_catalog,pg_auth_members,39,0,0,0,0,0,0,0,0,0,0,0,0,0,,,,
1430600984.95849,pg_catalog,pg_depend,3,20120,2731,2507,348,0,256,0,6672,256,103,3172,39,6884,,,,
1430600984.95849,pg_toast,pg_toast_2604,0,0,0,0,0,0,0,0,0,0,0,0,0,0,,,,
1430600984.95849,pg_catalog,pg_shseclabel,26,0,13,0,0,0,0,0,0,0,0,0,13,0,,,,
1430600984.95849,information_schema,sql_features,1,672,,,0,0,0,0,672,0,14,0,,,0,0,0,0
1430600984.95849,public,district,50047,3765040,245584,245584,80,128272,0,126687,80,28061,503,2592903,9,301461,,,,
1430600984.95849,pg_toast,pg_toast_12319,0,0,0,0,0,0,0,0,0,0,0,0,0,0,,,,
1430600984.95849,pg_catalog,pg_description,2,7372,252,0,0,0,0,0,3686,0,64,32,6,501,0,0,0,0
1430600984.95849,pg_catalog,pg_namespace,13,78,959,787,0,0,0,0,6,0,5,796,20,1135,,,,
1430600984.95849,information_schema,sql_sizing_profiles,1,0,,,0,0,0,0,0,0,0,0,,,0,0,0,0
1430600984.95849,pg_catalog,pg_foreign_server,3,0,0,0,0,0,0,0,0,0,0,0,0,0,,,,
1430601045.01604,pg_catalog,pg_operator,3,2295,2948,19778,0,0,0,0,765,0,78,13709,45,6197,,,,
1430601045.01604,pg_catalog,pg_extension,3,3,0,0,0,0,0,0,1,0,2,2,0,0,,,,
1430601045.01604,pg_catalog,pg_authid,444,444,10329,10329,0,0,0,0,1,0,99,10687,332,20326,,,,
1430601045.01604,public,customer,6,1440000,368429,935945,240000,151387,0,92297,240000,83082,809144,669802,159093,1317415,,,,
1430601045.01604,pg_catalog,pg_statistic,2,830,8492,8283,92,415,0,187,92,309,93,9278,30,17739,38,2356,5,1772
1430601045.01604,pg_catalog,pg_opfamily,3,258,0,0,0,0,0,0,86,0,4,4,0,0,,,,
1430601045.01604,public,order_line,4,9112860,161076,2290046,3126288,696907,0,152092,3118451,659798,221211,4173684,34681,4677051,,,,
1430601045.01604,pg_catalog,pg_shdescription,30,87,13,0,0,0,0,0,3,0,27,16,27,0,0,0,0,0
1430601045.01604,pg_catalog,pg_event_trigger,3,0,27,0,0,0,0,0,0,0,0,0,2,25,,,,
1430601045.01604,pg_catalog,pg_user_mapping,3,0,0,0,0,0,0,0,0,0,0,0,0,0,,,,
1430601045.01604,pg_catalog,pg_inherits,3,0,84,0,0,0,0,0,0,0,0,0,2,82,,,,
1430601045.01604,pg_toast,pg_toast_3596,0,0,0,0,0,0,0,0,0,0,0,0,0,0,,,,
1430601045.01604,pg_catalog,pg_rewrite,3,327,37,37,0,0,0,0,109,0,42,39,10,54,69,50,20,190
1430601045.01604,pg_catalog,pg_foreign_data_wrapper,3,0,0,0,0,0,0,0,0,0,0,0,0,0,,,,
1430601045.01604,pg_catalog,pg_largeobject_metadata,2,0,0,0,0,0,0,0,0,0,0,0,0,0,,,,
1430601045.01604,pg_catalog,pg_opclass,9,390,1365,19276,0,0,0,0,128,0,19,7312,26,1635,,,,
1430601045.01604,pg_catalog,pg_attrdef,3,0,0,0,0,0,0,0,0,0,0,0,0,0,0,0,0,0
1430601045.01604,pg_catalog,pg_default_acl,3,0,59,0,0,0,0,0,0,0,0,0,2,57,,,,
1430601045.01604,pg_catalog,pg_aggregate,2,266,167,167,0,0,0,0,133,0,10,163,12,242,,,,
1430601045.01604,pg_toast,pg_toast_12329,0,0,0,0,0,0,0,0,0,0,0,0,0,0,,,,
1430601045.01604,public,new_order,4,288000,146880,141288,152843,0,67230,0,84774,68069,7591,316532,6861,802293,,,,
1430601045.01604,pg_catalog,pg_ts_dict,3,48,0,0,0,0,0,0,16,0,2,2,0,0,,,,
1430601045.01604,pg_catalog,pg_index,52,3544,3027,3475,27,0,17,0,123,17,23,3196,26,3404,,,,
1430601045.01604,public,warehouse,153106,927248,120835,120835,8,77947,0,75975,8,31206,626,22834792,23,142558,,,,
1430601045.01604,pg_catalog,pg_tablespace,81,162,3911,3911,0,0,0,0,2,0,79,3926,153,7709,,,,
1430601045.01604,pg_toast,pg_toast_2619,0,0,1611,4892,75,0,14,0,61,14,38,2356,5,1772,,,,
1430601045.01604,pg_catalog,pg_constraint,5,50,8,0,8,0,0,0,10,0,6,33,8,64,0,0,0,0
1430601045.01604,pg_toast,pg_toast_2618,0,0,87,273,0,0,0,0,0,0,69,50,10,95,,,,
1430601045.01604,pg_catalog,pg_cast,3,594,12667,2925,0,0,0,0,198,0,10,2923,12,12790,,,,
1430601045.01604,pg_catalog,pg_ts_config,3,48,0,0,0,0,0,0,16,0,2,2,0,0,,,,
1430601045.01604,pg_catalog,pg_ts_parser,3,3,0,0,0,0,0,0,1,0,2,2,0,0,,,,
1430601045.01604,pg_toast,pg_toast_2620,0,0,0,0,0,0,0,0,0,0,0,0,0,0,,,,
1430601045.01604,pg_toast,pg_toast_2396,0,0,0,0,0,0,0,0,0,0,0,0,0,0,,,,
1430601045.01604,pg_catalog,pg_largeobject,2,0,0,0,0,0,0,0,0,0,0,0,0,0,,,,
1430601045.01604,pg_catalog,pg_enum,4,0,0,0,0,0,0,0,0,0,0,0,0,0,,,,
1430601045.01604,pg_catalog,pg_foreign_table,2,0,0,0,0,0,0,0,0,0,0,0,0,0,,,,
1430601045.01604,pg_catalog,pg_collation,3,1806,0,0,0,0,0,0,602,0,38,38,0,0,,,,
1430601045.01604,pg_catalog,pg_am,197,209,0,0,0,0,0,0,5,0,7,191,0,0,,,,
1430601045.01604,pg_catalog,pg_proc,3,8073,4179,5550,6,0,0,0,2691,0,226,4881,90,8716,0,0,0,0
1430601045.01604,pg_catalog,pg_shdepend,39,39,4422,1106,0,0,0,0,1,0,27,1131,108,4602,,,,
1430601045.01604,pg_catalog,pg_language,4,16,10,10,0,0,0,0,4,0,2,13,4,18,,,,
1430601045.01604,pg_catalog,pg_range,2,12,2,0,0,0,0,0,6,0,2,1,2,2,,,,
1430601045.01604,pg_catalog,pg_attribute,37,7837,10878,28675,1401,20,1219,1,2491,1218,206,15437,66,27614,,,,
1430601045.01604,pg_catalog,pg_database,2193,8521,65936,65908,14,0,13,0,4,0,53,68114,434,79104,,,,
1430601045.01604,pg_catalog,pg_conversion,4,528,0,0,0,0,0,0,132,0,6,9,0,0,,,,
1430601045.01604,pg_catalog,pg_type,3,1093,5556,5197,173,0,151,0,361,0,39,5558,31,11817,,,,
1430601045.01604,pg_catalog,pg_trigger,4,0,0,0,0,0,0,0,0,0,0,0,0,0,0,0,0,0
1430601045.01604,information_schema,sql_implementation_info,1,12,,,0,0,0,0,12,0,2,0,,,0,0,0,0
1430601045.01604,information_schema,sql_languages,1,4,,,0,0,0,0,4,0,2,0,,,0,0,0,0
1430601045.01604,public,orders,6,1440000,154080,158824,320843,73440,0,39343,320004,37872,18795,392941,93948,1065440,,,,
1430601045.01604,pg_toast,pg_toast_12309,0,0,0,0,0,0,0,0,0,0,0,0,0,0,,,,
1430601045.01604,pg_toast,pg_toast_12334,0,0,0,0,0,0,0,0,0,0,0,0,0,0,,,,
1430601045.01604,public,stock,4,3200000,2522186,1734239,800000,848073,0,0,799999,848073,956570,4215580,231336,9914863,,,,
1430601045.01604,pg_catalog,pg_amop,4,1744,1914,2563,0,0,0,0,436,0,21,2562,45,4051,,,,
1430601045.01604,pg_toast,pg_toast_1255,0,0,0,0,0,0,0,0,0,0,0,0,0,0,,,,
1430601045.01604,pg_toast,pg_toast_12314,0,0,0,0,0,0,0,0,0,0,0,0,0,0,,,,
1430601045.01604,pg_toast,pg_toast_12324,0,0,0,0,0,0,0,0,0,0,0,0,0,0,,,,
1430601045.01604,pg_catalog,pg_amproc,9,1044,870,1290,0,0,0,0,344,0,16,870,23,1900,,,,
1430601045.01604,pg_toast,pg_toast_2964,0,0,0,0,0,0,0,0,0,0,0,0,0,0,,,,
1430601045.01604,pg_catalog,pg_ts_template,3,15,0,0,0,0,0,0,5,0,2,2,0,0,,,,
1430601045.01604,pg_catalog,pg_db_role_setting,39,0,27180,0,0,0,0,0,0,0,0,0,104,27076,0,0,0,0
1430601045.01604,pg_toast,pg_toast_2609,0,0,0,0,0,0,0,0,0,0,0,0,0,0,,,,
1430601045.01604,information_schema,sql_parts,1,9,,,0,0,0,0,9,0,2,0,,,0,0,0,0
1430601045.01604,public,history,1,240000,,,317947,0,0,0,317947,0,9270,84336,,,,,,
1430601045.01604,pg_catalog,pg_class,87,13252,9437,8260,122,324,101,68,316,359,56,10160,61,16504,,,,
1430601045.01604,pg_catalog,pg_seclabel,2,0,252,0,0,0,0,0,0,0,0,0,2,250,0,0,0,0
1430601045.01604,public,item,4,400000,848912,848073,100000,0,0,0,100000,0,73656,786064,5575,1696258,,,,
1430601045.01604,pg_catalog,pg_ts_config_map,2,608,0,0,0,0,0,0,304,0,4,2,0,0,,,,
1430601045.01604,information_schema,sql_sizing,1,23,,,0,0,0,0,23,0,2,0,,,0,0,0,0
1430601045.01604,pg_toast,pg_toast_12339,0,0,0,0,0,0,0,0,0,0,0,0,0,0,,,,
1430601045.01604,information_schema,sql_packages,1,10,,,0,0,0,0,10,0,2,0,,,0,0,0,0
1430601045.01604,pg_toast,pg_toast_2606,0,0,0,0,0,0,0,0,0,0,0,0,0,0,,,,
1430601045.01604,pg_catalog,pg_pltemplate,26,208,0,0,0,0,0,0,8,0,26,13,0,0,,,,
1430601045.01604,pg_catalog,pg_auth_members,39,0,0,0,0,0,0,0,0,0,0,0,0,0,,,,
1430601045.01604,pg_catalog,pg_depend,3,20120,2731,2507,348,0,256,0,6672,256,103,3172,39,6884,,,,
1430601045.01604,pg_toast,pg_toast_2604,0,0,0,0,0,0,0,0,0,0,0,0,0,0,,,,
1430601045.01604,pg_catalog,pg_shseclabel,26,0,13,0,0,0,0,0,0,0,0,0,13,0,,,,
1430601045.01604,information_schema,sql_features,1,672,,,0,0,0,0,672,0,14,0,,,0,0,0,0
1430601045.01604,public,district,50047,3765040,314563,314563,80,158790,0,155916,80,58579,1034,4407317,13,447795,,,,
1430601045.01604,pg_toast,pg_toast_12319,0,0,0,0,0,0,0,0,0,0,0,0,0,0,,,,
1430601045.01604,pg_catalog,pg_description,2,7372,252,0,0,0,0,0,3686,0,64,32,6,501,0,0,0,0
1430601045.01604,pg_catalog,pg_namespace,15,90,1097,920,0,0,0,0,6,0,6,930,24,1276,,,,
1430601045.01604,information_schema,sql_sizing_profiles,1,0,,,0,0,0,0,0,0,0,0,,,0,0,0,0
1430601045.01604,pg_catalog,pg_foreign_server,3,0,0,0,0,0,0,0,0,0,0,0,0,0,,,,
1430601105.01786,pg_catalog,pg_operator,3,2295,2965,19795,0,0,0,0,765,0,81,13723,51,6233,,,,
1430601105.01786,pg_catalog,pg_extension,3,3,0,0,0,0,0,0,1,0,2,2,0,0,,,,
1430601105.01786,pg_catalog,pg_authid,444,444,10329,10329,0,0,0,0,1,0,99,10687,332,20326,,,,
1430601105.01786,public,customer,6,1440000,429844,1091441,240000,176841,0,98602,223378,50695,968177,802272,212836,1565532,,,,
1430601105.01786,pg_catalog,pg_statistic,2,830,10197,9982,92,415,0,187,92,309,99,10971,34,21150,38,3156,5,2172
1430601105.01786,pg_catalog,pg_opfamily,3,258,0,0,0,0,0,0,86,0,4,4,0,0,,,,
1430601105.01786,public,order_line,4,9112860,188398,2670666,3265595,822877,0,166277,3256272,785462,241736,4957500,42757,5511968,,,,
1430601105.01786,pg_catalog,pg_shdescription,30,87,13,0,0,0,0,0,3,0,27,16,27,0,0,0,0,0
1430601105.01786,pg_catalog,pg_event_trigger,3,0,27,0,0,0,0,0,0,0,0,0,2,25,,,,
1430601105.01786,pg_catalog,pg_user_mapping,3,0,0,0,0,0,0,0,0,0,0,0,0,0,,,,
1430601105.01786,pg_catalog,pg_inherits,3,0,84,0,0,0,0,0,0,0,0,0,2,82,,,,
1430601105.01786,pg_toast,pg_toast_3596,0,0,0,0,0,0,0,0,0,0,0,0,0,0,,,,
1430601105.01786,pg_catalog,pg_rewrite,3,327,44,44,0,0,0,0,109,0,47,41,12,64,75,51,24,202
1430601105.01786,pg_catalog,pg_foreign_data_wrapper,3,0,0,0,0,0,0,0,0,0,0,0,0,0,,,,
1430601105.01786,pg_catalog,pg_largeobject_metadata,2,0,0,0,0,0,0,0,0,0,0,0,0,0,,,,
1430601105.01786,pg_catalog,pg_opclass,9,390,1381,19459,0,0,0,0,128,0,22,7377,30,1655,,,,
1430601105.01786,pg_catalog,pg_attrdef,3,0,0,0,0,0,0,0,0,0,0,0,0,0,0,0,0,0
1430601105.01786,pg_catalog,pg_default_acl,3,0,59,0,0,0,0,0,0,0,0,0,2,57,,,,
1430601105.01786,pg_catalog,pg_aggregate,2,266,168,168,0,0,0,0,133,0,11,163,14,242,,,,
1430601105.01786,pg_toast,pg_toast_12329,0,0,0,0,0,0,0,0,0,0,0,0,0,0,,,,
1430601105.01786,public,new_order,4,288000,171840,165021,166161,0,78350,0,86815,79346,20073,561669,20895,953934,,,,
1430601105.01786,pg_catalog,pg_ts_dict,3,48,0,0,0,0,0,0,16,0,2,2,0,0,,,,
1430601105.01786,pg_catalog,pg_index,57,4159,3144,3685,27,0,17,0,123,17,27,3324,30,3527,,,,
1430601105.01786,public,warehouse,178337,1079424,141079,141079,8,90921,0,88721,8,5938,875,36158065,25,188573,,,,
1430601105.01786,pg_catalog,pg_tablespace,81,162,3911,3911,0,0,0,0,2,0,79,3926,153,7709,,,,
1430601105.01786,pg_toast,pg_toast_2619,0,0,2011,7212,75,0,14,0,61,14,38,3156,5,2172,,,,
1430601105.01786,pg_catalog,pg_constraint,5,50,8,0,8,0,0,0,10,0,6,33,8,64,0,0,0,0
1430601105.01786,pg_toast,pg_toast_2618,0,0,92,289,0,0,0,0,0,0,75,51,12,101,,,,
1430601105.01786,pg_catalog,pg_cast,3,594,12736,2953,0,0,0,0,198,0,11,2950,14,12862,,,,
1430601105.01786,pg_catalog,pg_ts_config,3,48,0,0,0,0,0,0,16,0,2,2,0,0,,,,
1430601105.01786,pg_catalog,pg_ts_parser,3,3,0,0,0,0,0,0,1,0,2,2,0,0,,,,
1430601105.01786,pg_toast,pg_toast_2620,0,0,0,0,0,0,0,0,0,0,0,0,0,0,,,,
1430601105.01786,pg_toast,pg_toast_2396,0,0,0,0,0,0,0,0,0,0,0,0,0,0,,,,
1430601105.01786,pg_catalog,pg_largeobject,2,0,0,0,0,0,0,0,0,0,0,0,0,0,,,,
1430601105.01786,pg_catalog,pg_enum,4,0,0,0,0,0,0,0,0,0,0,0,0,0,,,,
1430601105.01786,pg_catalog,pg_foreign_table,2,0,0,0,0,0,0,0,0,0,0,0,0,0,,,,
1430601105.01786,pg_catalog,pg_collation,3,1806,0,0,0,0,0,0,602,0,38,38,0,0,,,,
1430601105.01786,pg_catalog,pg_am,202,214,0,0,0,0,0,0,5,0,8,195,0,0,,,,
1430601105.01786,pg_catalog,pg_proc,3,8073,4257,5663,6,0,0,0,2691,0,239,4961,102,8870,0,0,0,0
1430601105.01786,pg_catalog,pg_shdepend,39,39,4422,1106,0,0,0,0,1,0,27,1131,108,4602,,,,
1430601105.01786,pg_catalog,pg_language,4,16,10,10,0,0,0,0,4,0,2,13,4,18,,,,
1430601105.01786,pg_catalog,pg_range,2,12,2,0,0,0,0,0,6,0,2,1,2,2,,,,
1430601105.01786,pg_catalog,pg_attribute,37,7837,11314,31311,1401,20,1219,1,2491,1218,222,15939,73,28486,,,,
1430601105.01786,pg_catalog,pg_database,2193,8521,65936,65908,14,0,13,0,4,0,53,68114,434,79104,,,,
1430601105.01786,pg_catalog,pg_conversion,4,528,0,0,0,0,0,0,132,0,6,9,0,0,,,,
1430601105.01786,pg_catalog,pg_type,3,1093,5648,5289,173,0,151,0,361,0,43,5646,34,12003,,,,
1430601105.01786,pg_catalog,pg_trigger,4,0,0,0,0,0,0,0,0,0,0,0,0,0,0,0,0,0
1430601105.01786,information_schema,sql_implementation_info,1,12,,,0,0,0,0,12,0,2,0,,,0,0,0,0
1430601105.01786,information_schema,sql_languages,1,4,,,0,0,0,0,4,0,2,0,,,0,0,0,0
1430601105.01786,public,orders,6,1440000,180255,186847,334161,85920,0,42242,333165,49413,26972,461282,121229,1255070,,,,
1430601105.01786,pg_toast,pg_toast_12309,0,0,0,0,0,0,0,0,0,0,0,0,0,0,,,,
1430601105.01786,pg_toast,pg_toast_12334,0,0,0,0,0,0,0,0,0,0,0,0,0,0,,,,
1430601105.01786,public,stock,4,3200000,2917474,2017893,800000,987380,0,0,799999,987380,1488910,6184736,358950,11402261,,,,
1430601105.01786,pg_catalog,pg_amop,4,1744,1947,2604,0,0,0,0,436,0,23,2601,51,4119,,,,
1430601105.01786,pg_toast,pg_toast_1255,0,0,0,0,0,0,0,0,0,0,0,0,0,0,,,,
1430601105.01786,pg_toast,pg_toast_12314,0,0,0,0,0,0,0,0,0,0,0,0,0,0,,,,
1430601105.01786,pg_toast,pg_toast_12324,0,0,0,0,0,0,0,0,0,0,0,0,0,0,,,,
1430601105.01786,pg_catalog,pg_amproc,9,1044,885,1313,0,0,0,0,344,0,17,884,26,1932,,,,
1430601105.01786,pg_toast,pg_toast_2964,0,0,0,0,0,0,0,0,0,0,0,0,0,0,,,,
1430601105.01786,pg_catalog,pg_ts_template,3,15,0,0,0,0,0,0,5,0,2,2,0,0,,,,
1430601105.01786,pg_catalog,pg_db_role_setting,39,0,27180,0,0,0,0,0,0,0,0,0,104,27076,0,0,0,0
1430601105.01786,pg_toast,pg_toast_2609,0,0,0,0,0,0,0,0,0,0,0,0,0,0,,,,
1430601105.01786,information_schema,sql_parts,1,9,,,0,0,0,0,9,0,2,0,,,0,0,0,0
1430601105.01786,public,history,1,240000,,,330921,0,0,0,330921,0,14934,92096,,,,,,
1430601105.01786,pg_catalog,pg_class,93,15148,10139,8962,122,324,101,68,316,359,64,10902,70,17299,,,,
1430601105.01786,pg_catalog,pg_seclabel,2,0,252,0,0,0,0,0,0,0,0,0,2,250,0,0,0,0
1430601105.01786,public,item,4,400000,988376,987380,100000,0,0,0,100000,0,107908,891119,11279,1970035,,,,
1430601105.01786,pg_catalog,pg_ts_config_map,2,608,0,0,0,0,0,0,304,0,4,2,0,0,,,,
1430601105.01786,information_schema,sql_sizing,1,23,,,0,0,0,0,23,0,2,0,,,0,0,0,0
1430601105.01786,pg_toast,pg_toast_12339,0,0,0,0,0,0,0,0,0,0,0,0,0,0,,,,
1430601105.01786,information_schema,sql_packages,1,10,,,0,0,0,0,10,0,2,0,,,0,0,0,0
1430601105.01786,pg_toast,pg_toast_2606,0,0,0,0,0,0,0,0,0,0,0,0,0,0,,,,
1430601105.01786,pg_catalog,pg_pltemplate,26,208,0,0,0,0,0,0,8,0,26,13,0,0,,,,
1430601105.01786,pg_catalog,pg_auth_members,39,0,0,0,0,0,0,0,0,0,0,0,0,0,,,,
1430601105.01786,pg_catalog,pg_depend,3,20120,2731,2507,348,0,256,0,6672,256,103,3172,39,6884,,,,
1430601105.01786,pg_toast,pg_toast_2604,0,0,0,0,0,0,0,0,0,0,0,0,0,0,,,,
1430601105.01786,pg_catalog,pg_shseclabel,26,0,13,0,0,0,0,0,0,0,0,0,13,0,,,,
1430601105.01786,information_schema,sql_features,1,672,,,0,0,0,0,672,0,14,0,,,0,0,0,0
1430601105.01786,public,district,50047,3765040,373334,373334,80,185082,0,181175,80,8354,1659,6395462,16,574440,,,,
1430601105.01786,pg_toast,pg_toast_12319,0,0,0,0,0,0,0,0,0,0,0,0,0,0,,,,
1430601105.01786,pg_catalog,pg_description,2,7372,252,0,0,0,0,0,3686,0,64,32,6,501,0,0,0,0
1430601105.01786,pg_catalog,pg_namespace,17,102,1235,1053,0,0,0,0,6,0,7,1064,28,1417,,,,
1430601105.01786,information_schema,sql_sizing_profiles,1,0,,,0,0,0,0,0,0,0,0,,,0,0,0,0
1430601105.01786,pg_catalog,pg_foreign_server,3,0,0,0,0,0,0,0,0,0,0,0,0,0,,,,
1430601165.02807,pg_catalog,pg_operator,3,2295,2982,19812,0,0,0,0,765,0,84,13737,57,6269,,,,
1430601165.02807,pg_catalog,pg_extension,3,3,0,0,0,0,0,0,1,0,2,2,0,0,,,,
1430601165.02807,pg_catalog,pg_authid,444,444,10329,10329,0,0,0,0,1,0,99,10687,332,20326,,,,
1430601165.02807,public,customer,6,1440000,526666,1339127,240000,216102,0,136089,223378,58589,1173017,927527,263556,1819560,,,,
1430601165.02807,pg_catalog,pg_statistic,2,830,10462,10241,92,415,0,187,92,309,105,11224,38,21681,38,3156,5,2172
1430601165.02807,pg_catalog,pg_opfamily,3,258,0,0,0,0,0,0,86,0,4,4,0,0,,,,
1430601165.02807,public,order_line,4,9112860,229352,3274028,3491187,1018829,0,283308,3479934,903921,271047,5770834,50542,6550585,,,,
1430601165.02807,pg_catalog,pg_shdescription,30,87,13,0,0,0,0,0,3,0,27,16,27,0,0,0,0,0
1430601165.02807,pg_catalog,pg_event_trigger,3,0,27,0,0,0,0,0,0,0,0,0,2,25,,,,
1430601165.02807,pg_catalog,pg_user_mapping,3,0,0,0,0,0,0,0,0,0,0,0,0,0,,,,
1430601165.02807,pg_catalog,pg_inherits,3,0,84,0,0,0,0,0,0,0,0,0,2,82,,,,
1430601165.02807,pg_toast,pg_toast_3596,0,0,0,0,0,0,0,0,0,0,0,0,0,0,,,,
1430601165.02807,pg_catalog,pg_rewrite,3,327,51,51,0,0,0,0,109,0,52,43,14,74,81,52,28,214
1430601165.02807,pg_catalog,pg_foreign_data_wrapper,3,0,0,0,0,0,0,0,0,0,0,0,0,0,,,,
1430601165.02807,pg_catalog,pg_largeobject_metadata,2,0,0,0,0,0,0,0,0,0,0,0,0,0,,,,
1430601165.02807,pg_catalog,pg_opclass,9,390,1396,19641,0,0,0,0,128,0,25,7441,34,1673,,,,
1430601165.02807,pg_catalog,pg_attrdef,3,0,0,0,0,0,0,0,0,0,0,0,0,0,0,0,0,0
1430601165.02807,pg_catalog,pg_default_acl,3,0,59,0,0,0,0,0,0,0,0,0,2,57,,,,
1430601165.02807,pg_catalog,pg_aggregate,2,266,169,169,0,0,0,0,133,0,12,163,16,242,,,,
1430601165.02807,pg_toast,pg_toast_12329,0,0,0,0,0,0,0,0,0,0,0,0,0,0,,,,
1430601165.02807,public,new_order,4,288000,209060,200581,187638,0,95160,0,90777,14210,20887,837823,22523,1185907,,,,
1430601165.02807,pg_catalog,pg_ts_dict,3,48,0,0,0,0,0,0,16,0,2,2,0,0,,,,
1430601165.02807,pg_catalog,pg_index,62,4774,3340,3894,27,0,17,0,123,17,32,3530,35,3727,,,,
1430601165.02807,public,warehouse,218625,1322720,173446,173446,8,111572,0,108928,8,5955,946,58545756,25,262463,,,,
1430601165.02807,pg_catalog,pg_tablespace,81,162,3911,3911,0,0,0,0,2,0,79,3926,153,7709,,,,
1430601165.02807,pg_toast,pg_toast_2619,0,0,2011,7212,75,0,14,0,61,14,38,3156,5,2172,,,,
1430601165.02807,pg_catalog,pg_constraint,5,50,8,0,8,0,0,0,10,0,6,33,8,64,0,0,0,0
1430601165.02807,pg_toast,pg_toast_2618,0,0,97,305,0,0,0,0,0,0,81,52,14,107,,,,
1430601165.02807,pg_catalog,pg_cast,3,594,12805,2981,0,0,0,0,198,0,12,2977,16,12934,,,,
1430601165.02807,pg_catalog,pg_ts_config,3,48,0,0,0,0,0,0,16,0,2,2,0,0,,,,
1430601165.02807,pg_catalog,pg_ts_parser,3,3,0,0,0,0,0,0,1,0,2,2,0,0,,,,
1430601165.02807,pg_toast,pg_toast_2620,0,0,0,0,0,0,0,0,0,0,0,0,0,0,,,,
1430601165.02807,pg_toast,pg_toast_2396,0,0,0,0,0,0,0,0,0,0,0,0,0,0,,,,
1430601165.02807,pg_catalog,pg_largeobject,2,0,0,0,0,0,0,0,0,0,0,0,0,0,,,,
1430601165.02807,pg_catalog,pg_enum,4,0,0,0,0,0,0,0,0,0,0,0,0,0,,,,
1430601165.02807,pg_catalog,pg_foreign_table,2,0,0,0,0,0,0,0,0,0,0,0,0,0,,,,
1430601165.02807,pg_catalog,pg_collation,3,1806,0,0,0,0,0,0,602,0,38,38,0,0,,,,
1430601165.02807,pg_catalog,pg_am,206,218,0,0,0,0,0,0,5,0,9,198,0,0,,,,
1430601165.02807,pg_catalog,pg_proc,3,8073,4335,5776,6,0,0,0,2691,0,252,5041,114,9024,0,0,0,0
1430601165.02807,pg_catalog,pg_shdepend,39,39,4422,1106,0,0,0,0,1,0,27,1131,108,4602,,,,
1430601165.02807,pg_catalog,pg_language,4,16,10,10,0,0,0,0,4,0,2,13,4,18,,,,
1430601165.02807,pg_catalog,pg_range,2,12,2,0,0,0,0,0,6,0,2,1,2,2,,,,
1430601165.02807,pg_catalog,pg_attribute,37,7837,11828,32982,1401,20,1219,1,2491,1218,236,16521,80,29513,,,,
1430601165.02807,pg_catalog,pg_database,2193,8521,65936,65908,14,0,13,0,4,0,53,68114,434,79104,,,,
1430601165.02807,pg_catalog,pg_conversion,4,528,0,0,0,0,0,0,132,0,6,9,0,0,,,,
1430601165.02807,pg_catalog,pg_type,3,1093,5740,5381,173,0,151,0,361,0,47,5734,37,12189,,,,
1430601165.02807,pg_catalog,pg_trigger,4,0,0,0,0,0,0,0,0,0,0,0,0,0,0,0,0,0
1430601165.02807,information_schema,sql_implementation_info,1,12,,,0,0,0,0,12,0,2,0,,,0,0,0,0
1430601165.02807,information_schema,sql_languages,1,4,,,0,0,0,0,4,0,2,0,,,0,0,0,0
1430601165.02807,public,orders,6,1440000,219363,229361,355638,104530,0,56773,354438,51331,33769,547864,144588,1503686,,,,
1430601165.02807,pg_toast,pg_toast_12309,0,0,0,0,0,0,0,0,0,0,0,0,0,0,,,,
1430601165.02807,pg_toast,pg_toast_12334,0,0,0,0,0,0,0,0,0,0,0,0,0,0,,,,
1430601165.02807,public,stock,4,3200000,3561397,2477661,800000,1212972,0,0,799999,1212972,1787153,6803697,453128,13935743,,,,
1430601165.02807,pg_catalog,pg_amop,4,1744,1980,2645,0,0,0,0,436,0,25,2640,57,4187,,,,
1430601165.02807,pg_toast,pg_toast_1255,0,0,0,0,0,0,0,0,0,0,0,0,0,0,,,,
1430601165.02807,pg_toast,pg_toast_12314,0,0,0,0,0,0,0,0,0,0,0,0,0,0,,,,
1430601165.02807,pg_toast,pg_toast_12324,0,0,0,0,0,0,0,0,0,0,0,0,0,0,,,,
1430601165.02807,pg_catalog,pg_amproc,9,1044,899,1334,0,0,0,0,344,0,18,897,29,1961,,,,
1430601165.02807,pg_toast,pg_toast_2964,0,0,0,0,0,0,0,0,0,0,0,0,0,0,,,,
1430601165.02807,pg_catalog,pg_ts_template,3,15,0,0,0,0,0,0,5,0,2,2,0,0,,,,
1430601165.02807,pg_catalog,pg_db_role_setting,39,0,27180,0,0,0,0,0,0,0,0,0,104,27076,0,0,0,0
1430601165.02807,pg_toast,pg_toast_2609,0,0,0,0,0,0,0,0,0,0,0,0,0,0,,,,
1430601165.02807,information_schema,sql_parts,1,9,,,0,0,0,0,9,0,2,0,,,0,0,0,0
1430601165.02807,public,history,1,240000,,,351572,0,0,0,349503,0,15317,113287,,,,,,
1430601165.02807,pg_catalog,pg_class,99,17044,11239,10062,122,324,101,68,316,359,72,12042,85,18645,,,,
1430601165.02807,pg_catalog,pg_seclabel,2,0,252,0,0,0,0,0,0,0,0,0,2,250,0,0,0,0
1430601165.02807,public,item,4,400000,1214172,1212972,100000,0,0,0,100000,0,129013,1095606,12703,2421250,,,,
1430601165.02807,pg_catalog,pg_ts_config_map,2,608,0,0,0,0,0,0,304,0,4,2,0,0,,,,
1430601165.02807,information_schema,sql_sizing,1,23,,,0,0,0,0,23,0,2,0,,,0,0,0,0
1430601165.02807,pg_toast,pg_toast_12339,0,0,0,0,0,0,0,0,0,0,0,0,0,0,,,,
1430601165.02807,information_schema,sql_packages,1,10,,,0,0,0,0,10,0,2,0,,,0,0,0,0
1430601165.02807,pg_toast,pg_toast_2606,0,0,0,0,0,0,0,0,0,0,0,0,0,0,,,,
1430601165.02807,pg_catalog,pg_pltemplate,26,208,0,0,0,0,0,0,8,0,26,13,0,0,,,,
1430601165.02807,pg_catalog,pg_auth_members,39,0,0,0,0,0,0,0,0,0,0,0,0,0,,,,
1430601165.02807,pg_catalog,pg_depend,3,20120,2731,2507,348,0,256,0,6672,256,103,3172,39,6884,,,,
1430601165.02807,pg_toast,pg_toast_2604,0,0,0,0,0,0,0,0,0,0,0,0,0,0,,,,
1430601165.02807,pg_catalog,pg_shseclabel,26,0,13,0,0,0,0,0,0,0,0,0,13,0,,,,
1430601165.02807,information_schema,sql_features,1,672,,,0,0,0,0,672,0,14,0,,,0,0,0,0
1430601165.02807,public,district,50047,3765040,468020,468020,80,227210,0,222965,80,6119,1792,6630631,16,777825,,,,
1430601165.02807,pg_toast,pg_toast_12319,0,0,0,0,0,0,0,0,0,0,0,0,0,0,,,,
1430601165.02807,pg_catalog,pg_description,2,7372,252,0,0,0,0,0,3686,0,64,32,6,501,0,0,0,0
1430601165.02807,pg_catalog,pg_namespace,19,114,1373,1186,0,0,0,0,6,0,8,1198,32,1558,,,,
1430601165.02807,information_schema,sql_sizing_profiles,1,0,,,0,0,0,0,0,0,0,0,,,0,0,0,0
1430601165.02807,pg_catalog,pg_foreign_server,3,0,0,0,0,0,0,0,0,0,0,0,0,0,,,,
1430601225.12814,pg_catalog,pg_operator,3,2295,2999,19829,0,0,0,0,765,0,87,13751,63,6305,,,,
1430601225.12814,pg_catalog,pg_extension,3,3,0,0,0,0,0,0,1,0,2,2,0,0,,,,
1430601225.12814,pg_catalog,pg_authid,444,444,10329,10329,0,0,0,0,1,0,99,10687,332,20326,,,,
1430601225.12814,public,customer,6,1440000,622449,1585807,240000,254952,0,174130,223378,65120,1359584,1043720,310619,2068269,,,,
1430601225.12814,pg_catalog,pg_statistic,2,830,10977,10750,92,415,0,187,92,309,111,11727,42,22712,38,3156,5,2172
1430601225.12814,pg_catalog,pg_opfamily,3,258,0,0,0,0,0,0,86,0,4,4,0,0,,,,
1430601225.12814,public,order_line,4,9112860,270185,3888600,3714323,1212744,0,404430,3700986,1007381,300300,6548697,58136,7563118,,,,
1430601225.12814,pg_catalog,pg_shdescription,30,87,13,0,0,0,0,0,3,0,27,16,27,0,0,0,0,0
1430601225.12814,pg_catalog,pg_event_trigger,3,0,27,0,0,0,0,0,0,0,0,0,2,25,,,,
1430601225.12814,pg_catalog,pg_user_mapping,3,0,0,0,0,0,0,0,0,0,0,0,0,0,,,,
1430601225.12814,pg_catalog,pg_inherits,3,0,84,0,0,0,0,0,0,0,0,0,2,82,,,,
1430601225.12814,pg_toast,pg_toast_3596,0,0,0,0,0,0,0,0,0,0,0,0,0,0,,,,
1430601225.12814,pg_catalog,pg_rewrite,3,327,58,58,0,0,0,0,109,0,57,45,16,84,87,53,32,226
1430601225.12814,pg_catalog,pg_foreign_data_wrapper,3,0,0,0,0,0,0,0,0,0,0,0,0,0,,,,
1430601225.12814,pg_catalog,pg_largeobject_metadata,2,0,0,0,0,0,0,0,0,0,0,0,0,0,,,,
1430601225.12814,pg_catalog,pg_opclass,9,390,1410,19822,0,0,0,0,128,0,27,7505,37,1690,,,,
1430601225.12814,pg_catalog,pg_attrdef,3,0,0,0,0,0,0,0,0,0,0,0,0,0,0,0,0,0
1430601225.12814,pg_catalog,pg_default_acl,3,0,59,0,0,0,0,0,0,0,0,0,2,57,,,,
1430601225.12814,pg_catalog,pg_aggregate,2,266,170,170,0,0,0,0,133,0,13,163,18,242,,,,
1430601225.12814,pg_toast,pg_toast_12329,0,0,0,0,0,0,0,0,0,0,0,0,0,0,,,,
1430601225.12814,public,new_order,4,288000,246100,236124,208963,0,112140,0,94895,31417,21457,1080554,23077,1426266,,,,
1430601225.12814,pg_catalog,pg_ts_dict,3,48,0,0,0,0,0,0,16,0,2,2,0,0,,,,
1430601225.12814,pg_catalog,pg_index,67,5389,3538,4265,27,0,17,0,123,17,35,3740,40,3928,,,,
1430601225.12814,public,warehouse,258311,1562672,205437,205437,8,131902,0,128745,72,167,1002,81117123,25,335422,,,,
1430601225.12814,pg_catalog,pg_tablespace,81,162,3911,3911,0,0,0,0,2,0,79,3926,153,7709,,,,
1430601225.12814,pg_toast,pg_toast_2619,0,0,2011,7212,75,0,14,0,61,14,38,3156,5,2172,,,,
1430601225.12814,pg_catalog,pg_constraint,5,50,8,0,8,0,0,0,10,0,6,33,8,64,0,0,0,0
1430601225.12814,pg_toast,pg_toast_2618,0,0,102,321,0,0,0,0,0,0,87,53,16,113,,,,
1430601225.12814,pg_catalog,pg_cast,3,594,12874,3009,0,0,0,0,198,0,13,3004,18,13006,,,,
1430601225.12814,pg_catalog,pg_ts_config,3,48,0,0,0,0,0,0,16,0,2,2,0,0,,,,
1430601225.12814,pg_catalog,pg_ts_parser,3,3,0,0,0,0,0,0,1,0,2,2,0,0,,,,
1430601225.12814,pg_toast,pg_toast_2620,0,0,0,0,0,0,0,0,0,0,0,0,0,0,,,,
1430601225.12814,pg_toast,pg_toast_2396,0,0,0,0,0,0,0,0,0,0,0,0,0,0,,,,
1430601225.12814,pg_catalog,pg_largeobject,2,0,0,0,0,0,0,0,0,0,0,0,0,0,,,,
1430601225.12814,pg_catalog,pg_enum,4,0,0,0,0,0,0,0,0,0,0,0,0,0,,,,
1430601225.12814,pg_catalog,pg_foreign_table,2,0,0,0,0,0,0,0,0,0,0,0,0,0,,,,
1430601225.12814,pg_catalog,pg_collation,3,1806,0,0,0,0,0,0,602,0,38,38,0,0,,,,
1430601225.12814,pg_catalog,pg_am,209,221,0,0,0,0,0,0,5,0,10,200,0,0,,,,
1430601225.12814,pg_catalog,pg_proc,3,8073,4413,5889,6,0,0,0,2691,0,265,5121,126,9178,0,0,0,0
1430601225.12814,pg_catalog,pg_shdepend,39,39,4422,1106,0,0,0,0,1,0,27,1131,108,4602,,,,
1430601225.12814,pg_catalog,pg_language,4,16,10,10,0,0,0,0,4,0,2,13,4,18,,,,
1430601225.12814,pg_catalog,pg_range,2,12,2,0,0,0,0,0,6,0,2,1,2,2,,,,
1430601225.12814,pg_catalog,pg_attribute,37,7837,12346,35078,1401,20,1219,1,2491,1218,250,17193,86,30548,,,,
1430601225.12814,pg_catalog,pg_database,2193,8521,65936,65908,14,0,13,0,4,0,53,68114,434,79104,,,,
1430601225.12814,pg_catalog,pg_conversion,4,528,0,0,0,0,0,0,132,0,6,9,0,0,,,,
1430601225.12814,pg_catalog,pg_type,3,1093,5832,5473,173,0,151,0,361,0,51,5822,40,12375,,,,
1430601225.12814,pg_catalog,pg_trigger,4,0,0,0,0,0,0,0,0,0,0,0,0,0,0,0,0,0
1430601225.12814,information_schema,sql_implementation_info,1,12,,,0,0,0,0,12,0,2,0,,,0,0,0,0
1430601225.12814,information_schema,sql_languages,1,4,,,0,0,0,0,4,0,2,0,,,0,0,0,0
1430601225.12814,public,orders,6,1440000,258276,271698,376963,123050,0,70014,370228,5597,40667,637613,167767,1758237,,,,
1430601225.12814,pg_toast,pg_toast_12309,0,0,0,0,0,0,0,0,0,0,0,0,0,0,,,,
1430601225.12814,pg_toast,pg_toast_12334,0,0,0,0,0,0,0,0,0,0,0,0,0,0,,,,
1430601225.12814,public,stock,4,3200000,4215845,2933510,800000,1436108,0,0,799999,1436108,1978152,7351679,529715,16511195,,,,
1430601225.12814,pg_catalog,pg_amop,4,1744,2013,2686,0,0,0,0,436,0,27,2679,63,4255,,,,
1430601225.12814,pg_toast,pg_toast_1255,0,0,0,0,0,0,0,0,0,0,0,0,0,0,,,,
1430601225.12814,pg_toast,pg_toast_12314,0,0,0,0,0,0,0,0,0,0,0,0,0,0,,,,
1430601225.12814,pg_toast,pg_toast_12324,0,0,0,0,0,0,0,0,0,0,0,0,0,0,,,,
1430601225.12814,pg_catalog,pg_amproc,9,1044,912,1353,0,0,0,0,344,0,19,909,32,1987,,,,
1430601225.12814,pg_toast,pg_toast_2964,0,0,0,0,0,0,0,0,0,0,0,0,0,0,,,,
1430601225.12814,pg_catalog,pg_ts_template,3,15,0,0,0,0,0,0,5,0,2,2,0,0,,,,
1430601225.12814,pg_catalog,pg_db_role_setting,39,0,27180,0,0,0,0,0,0,0,0,0,104,27076,0,0,0,0
1430601225.12814,pg_toast,pg_toast_2609,0,0,0,0,0,0,0,0,0,0,0,0,0,0,,,,
1430601225.12814,information_schema,sql_parts,1,9,,,0,0,0,0,9,0,2,0,,,0,0,0,0
1430601225.12814,public,history,1,240000,,,371902,0,0,0,369833,0,15590,134046,,,,,,
1430601225.12814,pg_catalog,pg_class,105,18940,12189,11012,122,324,101,68,316,359,79,13033,96,19767,,,,
1430601225.12814,pg_catalog,pg_seclabel,2,0,252,0,0,0,0,0,0,0,0,0,2,250,0,0,0,0
1430601225.12814,public,item,4,400000,1437535,1436108,100000,0,0,0,100000,0,146607,1301148,13621,2868161,,,,
1430601225.12814,pg_catalog,pg_ts_config_map,2,608,0,0,0,0,0,0,304,0,4,2,0,0,,,,
1430601225.12814,information_schema,sql_sizing,1,23,,,0,0,0,0,23,0,2,0,,,0,0,0,0
1430601225.12814,pg_toast,pg_toast_12339,0,0,0,0,0,0,0,0,0,0,0,0,0,0,,,,
1430601225.12814,information_schema,sql_packages,1,10,,,0,0,0,0,10,0,2,0,,,0,0,0,0
1430601225.12814,pg_toast,pg_toast_2606,0,0,0,0,0,0,0,0,0,0,0,0,0,0,,,,
1430601225.12814,pg_catalog,pg_pltemplate,26,208,0,0,0,0,0,0,8,0,26,13,0,0,,,,
1430601225.12814,pg_catalog,pg_auth_members,39,0,0,0,0,0,0,0,0,0,0,0,0,0,,,,
1430601225.12814,pg_catalog,pg_depend,3,20120,2731,2507,348,0,256,0,6672,256,103,3172,39,6884,,,,
1430601225.12814,pg_toast,pg_toast_2604,0,0,0,0,0,0,0,0,0,0,0,0,0,0,,,,
1430601225.12814,pg_catalog,pg_shseclabel,26,0,13,0,0,0,0,0,0,0,0,0,13,0,,,,
1430601225.12814,information_schema,sql_features,1,672,,,0,0,0,0,672,0,14,0,,,0,0,0,0
1430601225.12814,public,district,50047,3765040,562827,562827,80,268865,0,264307,80,6492,1914,6839899,16,981548,,,,
1430601225.12814,pg_toast,pg_toast_12319,0,0,0,0,0,0,0,0,0,0,0,0,0,0,,,,
1430601225.12814,pg_catalog,pg_description,2,7372,252,0,0,0,0,0,3686,0,64,32,6,501,0,0,0,0
1430601225.12814,pg_catalog,pg_namespace,21,126,1511,1319,0,0,0,0,6,0,9,1332,36,1699,,,,
1430601225.12814,information_schema,sql_sizing_profiles,1,0,,,0,0,0,0,0,0,0,0,,,0,0,0,0
1430601225.12814,pg_catalog,pg_foreign_server,3,0,0,0,0,0,0,0,0,0,0,0,0,0,,,,
1430601285.09371,pg_catalog,pg_operator,3,2295,3029,19859,0,0,0,0,765,0,94,13774,73,6364,,,,
1430601285.09371,pg_catalog,pg_extension,3,3,0,0,0,0,0,0,1,0,2,2,0,0,,,,
1430601285.09371,pg_catalog,pg_authid,449,449,10380,10380,0,0,0,0,1,0,105,10737,354,20406,,,,
1430601285.09371,public,customer,6,1440000,731740,1861654,240000,299768,0,218503,223378,66935,1562182,1173928,361159,2352290,,,,
1430601285.09371,pg_catalog,pg_statistic,2,830,13068,12835,92,518,0,219,491,106,219,14123,55,27086,43,3158,7,2175
1430601285.09371,pg_catalog,pg_opfamily,3,258,0,0,0,0,0,0,86,0,4,4,0,0,,,,
1430601285.09371,public,order_line,4,9112860,318054,4583264,3968611,1441394,0,557923,3952974,1120605,333457,7408717,67132,8697325,,,,
1430601285.09371,pg_catalog,pg_shdescription,30,87,13,0,0,0,0,0,3,0,27,16,27,0,0,0,0,0
1430601285.09371,pg_catalog,pg_event_trigger,3,0,27,0,0,0,0,0,0,0,0,0,2,25,,,,
1430601285.09371,pg_catalog,pg_user_mapping,3,0,0,0,0,0,0,0,0,0,0,0,0,0,,,,
1430601285.09371,pg_catalog,pg_inherits,3,0,84,0,0,0,0,0,0,0,0,0,2,82,,,,
1430601285.09371,pg_toast,pg_toast_3596,0,0,0,0,0,0,0,0,0,0,0,0,0,0,,,,
1430601285.09371,pg_catalog,pg_rewrite,3,327,65,65,0,0,0,0,109,0,62,47,18,94,93,54,36,238
1430601285.09371,pg_catalog,pg_foreign_data_wrapper,3,0,0,0,0,0,0,0,0,0,0,0,0,0,,,,
1430601285.09371,pg_catalog,pg_largeobject_metadata,2,0,0,0,0,0,0,0,0,0,0,0,0,0,,,,
1430601285.09371,pg_catalog,pg_opclass,9,390,1576,21215,0,0,0,0,128,0,36,8026,47,1858,,,,
1430601285.09371,pg_catalog,pg_attrdef,3,0,0,0,0,0,0,0,0,0,0,0,0,0,0,0,0,0
1430601285.09371,pg_catalog,pg_default_acl,3,0,59,0,0,0,0,0,0,0,0,0,2,57,,,,
1430601285.09371,pg_catalog,pg_aggregate,2,266,171,171,0,0,0,0,133,0,14,163,20,242,,,,
1430601285.09371,pg_toast,pg_toast_12329,0,0,0,0,0,0,0,0,0,0,0,0,0,0,,,,
1430601285.09371,public,new_order,4,288000,289620,277926,233144,0,132120,0,98298,9737,24271,1308794,24371,1718069,,,,
1430601285.09371,pg_catalog,pg_ts_dict,3,48,0,0,0,0,0,0,16,0,2,2,0,0,,,,
1430601285.09371,pg_catalog,pg_index,72,6004,4127,4871,27,0,17,0,123,17,46,4334,52,4519,,,,
1430601285.09371,public,warehouse,258451,1563520,275624,275624,8,154958,0,151178,7,8392,1271,81743697,26,495073,,,,
1430601285.09371,pg_catalog,pg_tablespace,81,162,3936,3936,0,0,0,0,2,0,84,3946,163,7749,,,,
1430601285.09371,pg_toast,pg_toast_2619,0,0,2014,7214,76,0,15,0,61,15,43,3158,7,2175,,,,
1430601285.09371,pg_catalog,pg_constraint,5,50,8,0,8,0,0,0,10,0,6,33,8,64,0,0,0,0
1430601285.09371,pg_toast,pg_toast_2618,0,0,107,337,0,0,0,0,0,0,93,54,18,119,,,,
1430601285.09371,pg_catalog,pg_cast,3,594,13347,3067,0,0,0,0,198,0,15,3060,22,13481,,,,
1430601285.09371,pg_catalog,pg_ts_config,3,48,0,0,0,0,0,0,16,0,2,2,0,0,,,,
1430601285.09371,pg_catalog,pg_ts_parser,3,3,0,0,0,0,0,0,1,0,2,2,0,0,,,,
1430601285.09371,pg_toast,pg_toast_2620,0,0,0,0,0,0,0,0,0,0,0,0,0,0,,,,
1430601285.09371,pg_toast,pg_toast_2396,0,0,0,0,0,0,0,0,0,0,0,0,0,0,,,,
1430601285.09371,pg_catalog,pg_largeobject,2,0,0,0,0,0,0,0,0,0,0,0,0,0,,,,
1430601285.09371,pg_catalog,pg_enum,4,0,0,0,0,0,0,0,0,0,0,0,0,0,,,,
1430601285.09371,pg_catalog,pg_foreign_table,2,0,0,0,0,0,0,0,0,0,0,0,0,0,,,,
1430601285.09371,pg_catalog,pg_collation,3,1806,0,0,0,0,0,0,602,0,38,38,0,0,,,,
1430601285.09371,pg_catalog,pg_am,217,229,0,0,0,0,0,0,5,0,12,206,0,0,,,,
1430601285.09371,pg_catalog,pg_proc,3,8073,4491,6002,6,0,0,0,2691,0,278,5201,138,9332,0,0,0,0
1430601285.09371,pg_catalog,pg_shdepend,39,39,4422,1106,0,0,0,0,1,0,27,1131,108,4602,,,,
1430601285.09371,pg_catalog,pg_language,4,16,10,10,0,0,0,0,4,0,2,13,4,18,,,,
1430601285.09371,pg_catalog,pg_range,2,12,2,0,0,0,0,0,6,0,2,1,2,2,,,,
1430601285.09371,pg_catalog,pg_attribute,37,7837,13489,41227,1401,20,1219,1,2491,0,383,18932,128,32904,,,,
1430601285.09371,pg_catalog,pg_database,2199,8545,66445,66417,14,0,13,0,4,0,59,68623,459,79640,,,,
1430601285.09371,pg_catalog,pg_conversion,4,528,0,0,0,0,0,0,132,0,6,9,0,0,,,,
1430601285.09371,pg_catalog,pg_type,3,1093,5942,5583,173,0,151,0,361,0,70,5948,53,12595,,,,
1430601285.09371,pg_catalog,pg_trigger,4,0,0,0,0,0,0,0,0,0,0,0,0,0,0,0,0,0
1430601285.09371,information_schema,sql_implementation_info,1,12,,,0,0,0,0,12,0,2,0,,,0,0,0,0
1430601285.09371,information_schema,sql_languages,1,4,,,0,0,0,0,4,0,2,0,,,0,0,0,0
1430601285.09371,public,orders,6,1440000,303977,323007,401144,144810,0,88153,394163,9259,50317,736413,192398,2038902,,,,
1430601285.09371,pg_toast,pg_toast_12309,0,0,0,0,0,0,0,0,0,0,0,0,0,0,,,,
1430601285.09371,pg_toast,pg_toast_12334,0,0,0,0,0,0,0,0,0,0,0,0,0,0,,,,
1430601285.09371,public,stock,4,3200000,4940071,3451734,800000,1690396,0,0,799999,1690396,2172974,7959760,608606,19390259,,,,
1430601285.09371,pg_catalog,pg_amop,4,1744,2093,2775,0,0,0,0,436,0,34,2761,76,4412,,,,
1430601285.09371,pg_toast,pg_toast_1255,0,0,0,0,0,0,0,0,0,0,0,0,0,0,,,,
1430601285.09371,pg_toast,pg_toast_12314,0,0,0,0,0,0,0,0,0,0,0,0,0,0,,,,
1430601285.09371,pg_toast,pg_toast_12324,0,0,0,0,0,0,0,0,0,0,0,0,0,0,,,,
1430601285.09371,pg_catalog,pg_amproc,9,1044,1057,1558,0,0,0,0,344,0,21,1046,38,2279,,,,
1430601285.09371,pg_toast,pg_toast_2964,0,0,0,0,0,0,0,0,0,0,0,0,0,0,,,,
1430601285.09371,pg_catalog,pg_ts_template,3,15,0,0,0,0,0,0,5,0,2,2,0,0,,,,
1430601285.09371,pg_catalog,pg_db_role_setting,39,0,27284,0,0,0,0,0,0,0,0,0,110,27174,0,0,0,0
1430601285.09371,pg_toast,pg_toast_2609,0,0,0,0,0,0,0,0,0,0,0,0,0,0,,,,
1430601285.09371,information_schema,sql_parts,1,9,,,0,0,0,0,9,0,2,0,,,0,0,0,0
1430601285.09371,public,history,1,240000,,,394958,0,0,0,392889,0,15860,157576,,,,,,
1430601285.09371,pg_catalog,pg_class,149,21835,14346,13169,122,324,101,68,316,0,109,15568,115,22443,,,,
1430601285.09371,pg_catalog,pg_seclabel,2,0,252,0,0,0,0,0,0,0,0,0,2,250,0,0,0,0
1430601285.09371,public,item,4,400000,1692069,1690397,100000,0,0,0,100000,0,164791,1537253,14516,3377464,,,,
1430601285.09371,pg_catalog,pg_ts_config_map,2,608,0,0,0,0,0,0,304,0,4,2,0,0,,,,
1430601285.09371,information_schema,sql_sizing,1,23,,,0,0,0,0,23,0,2,0,,,0,0,0,0
1430601285.09371,pg_toast,pg_toast_12339,0,0,0,0,0,0,0,0,0,0,0,0,0,0,,,,
1430601285.09371,information_schema,sql_packages,1,10,,,0,0,0,0,10,0,2,0,,,0,0,0,0
1430601285.09371,pg_toast,pg_toast_2606,0,0,0,0,0,0,0,0,0,0,0,0,0,0,,,,
1430601285.09371,pg_catalog,pg_pltemplate,26,208,0,0,0,0,0,0,8,0,26,13,0,0,,,,
1430601285.09371,pg_catalog,pg_auth_members,39,0,0,0,0,0,0,0,0,0,0,0,0,0,,,,
1430601285.09371,pg_catalog,pg_depend,3,20120,2731,2507,348,0,256,0,6672,256,103,3172,39,6884,,,,
1430601285.09371,pg_toast,pg_toast_2604,0,0,0,0,0,0,0,0,0,0,0,0,0,0,,,,
1430601285.09371,pg_catalog,pg_shseclabel,26,0,13,0,0,0,0,0,0,0,0,0,13,0,,,,
1430601285.09371,information_schema,sql_features,1,672,,,0,0,0,0,672,0,14,0,,,0,0,0,0
1430601285.09371,public,district,50047,3765040,669115,669115,80,316102,0,311452,26,989,6489,7062258,17,1209377,,,,
1430601285.09371,pg_toast,pg_toast_12319,0,0,0,0,0,0,0,0,0,0,0,0,0,0,,,,
1430601285.09371,pg_catalog,pg_description,2,7372,252,0,0,0,0,0,3686,0,64,32,6,501,0,0,0,0
1430601285.09371,pg_catalog,pg_namespace,23,138,1651,1454,0,0,0,0,6,0,11,1467,42,1841,,,,
1430601285.09371,information_schema,sql_sizing_profiles,1,0,,,0,0,0,0,0,0,0,0,,,0,0,0,0
1430601285.09371,pg_catalog,pg_foreign_server,3,0,0,0,0,0,0,0,0,0,0,0,0,0,,,,
1430601345.12983,pg_catalog,pg_operator,3,2295,3046,19876,0,0,0,0,765,0,97,13788,79,6400,,,,
1430601345.12983,pg_catalog,pg_extension,3,3,0,0,0,0,0,0,1,0,2,2,0,0,,,,
1430601345.12983,pg_catalog,pg_authid,449,449,10380,10380,0,0,0,0,1,0,105,10737,354,20406,,,,
1430601345.12983,public,customer,6,1440000,836683,2129971,240000,342459,0,260757,223378,68938,1756673,1301739,409755,2625213,,,,
1430601345.12983,pg_catalog,pg_statistic,2,830,14000,13761,92,518,0,219,491,106,227,15041,65,28973,43,3158,7,2175
1430601345.12983,pg_catalog,pg_opfamily,3,258,0,0,0,0,0,0,86,0,4,4,0,0,,,,
1430601345.12983,public,order_line,4,9112860,362968,5240878,4214269,1655562,0,701190,4196212,1226045,364920,8225157,75845,9783860,,,,
1430601345.12983,pg_catalog,pg_shdescription,30,87,13,0,0,0,0,0,3,0,27,16,27,0,0,0,0,0
1430601345.12983,pg_catalog,pg_event_trigger,3,0,27,0,0,0,0,0,0,0,0,0,2,25,,,,
1430601345.12983,pg_catalog,pg_user_mapping,3,0,0,0,0,0,0,0,0,0,0,0,0,0,,,,
1430601345.12983,pg_catalog,pg_inherits,3,0,84,0,0,0,0,0,0,0,0,0,2,82,,,,
1430601345.12983,pg_toast,pg_toast_3596,0,0,0,0,0,0,0,0,0,0,0,0,0,0,,,,
1430601345.12983,pg_catalog,pg_rewrite,3,327,72,72,0,0,0,0,109,0,67,49,20,104,99,55,40,250
1430601345.12983,pg_catalog,pg_foreign_data_wrapper,3,0,0,0,0,0,0,0,0,0,0,0,0,0,,,,
1430601345.12983,pg_catalog,pg_largeobject_metadata,2,0,0,0,0,0,0,0,0,0,0,0,0,0,,,,
1430601345.12983,pg_catalog,pg_opclass,9,390,1726,21532,0,0,0,0,128,0,43,8221,55,2009,,,,
1430601345.12983,pg_catalog,pg_attrdef,3,0,0,0,0,0,0,0,0,0,0,0,0,0,0,0,0,0
1430601345.12983,pg_catalog,pg_default_acl,3,0,59,0,0,0,0,0,0,0,0,0,2,57,,,,
1430601345.12983,pg_catalog,pg_aggregate,2,266,172,172,0,0,0,0,133,0,15,163,22,242,,,,
1430601345.12983,pg_toast,pg_toast_12329,0,0,0,0,0,0,0,0,0,0,0,0,0,0,,,,
1430601345.12983,public,new_order,4,288000,330400,317145,256578,0,150880,0,102712,28757,24829,1520323,24724,1968472,,,,
1430601345.12983,pg_catalog,pg_ts_dict,3,48,0,0,0,0,0,0,16,0,2,2,0,0,,,,
1430601345.12983,pg_catalog,pg_index,77,6619,4591,5348,27,0,17,0,123,17,54,4805,62,4984,,,,
1430601345.12983,public,warehouse,258451,1563520,343660,343660,8,177259,0,172988,5,3264,1589,82249673,27,649265,,,,
1430601345.12983,pg_catalog,pg_tablespace,81,162,3936,3936,0,0,0,0,2,0,84,3946,163,7749,,,,
1430601345.12983,pg_toast,pg_toast_2619,0,0,2014,7214,76,0,15,0,61,15,43,3158,7,2175,,,,
1430601345.12983,pg_catalog,pg_constraint,5,50,8,0,8,0,0,0,10,0,6,33,8,64,0,0,0,0
1430601345.12983,pg_toast,pg_toast_2618,0,0,112,353,0,0,0,0,0,0,99,55,20,125,,,,
1430601345.12983,pg_catalog,pg_cast,3,594,13416,3095,0,0,0,0,198,0,16,3087,24,13553,,,,
1430601345.12983,pg_catalog,pg_ts_config,3,48,0,0,0,0,0,0,16,0,2,2,0,0,,,,
1430601345.12983,pg_catalog,pg_ts_parser,3,3,0,0,0,0,0,0,1,0,2,2,0,0,,,,
1430601345.12983,pg_toast,pg_toast_2620,0,0,0,0,0,0,0,0,0,0,0,0,0,0,,,,
1430601345.12983,pg_toast,pg_toast_2396,0,0,0,0,0,0,0,0,0,0,0,0,0,0,,,,
1430601345.12983,pg_catalog,pg_largeobject,2,0,0,0,0,0,0,0,0,0,0,0,0,0,,,,
1430601345.12983,pg_catalog,pg_enum,4,0,0,0,0,0,0,0,0,0,0,0,0,0,,,,
1430601345.12983,pg_catalog,pg_foreign_table,2,0,0,0,0,0,0,0,0,0,0,0,0,0,,,,
1430601345.12983,pg_catalog,pg_collation,3,1806,0,0,0,0,0,0,602,0,38,38,0,0,,,,
1430601345.12983,pg_catalog,pg_am,223,235,0,0,0,0,0,0,5,0,13,211,0,0,,,,
1430601345.12983,pg_catalog,pg_proc,3,8073,4569,6115,6,0,0,0,2691,0,291,5281,150,9486,0,0,0,0
1430601345.12983,pg_catalog,pg_shdepend,39,39,4422,1106,0,0,0,0,1,0,27,1131,108,4602,,,,
1430601345.12983,pg_catalog,pg_language,4,16,10,10,0,0,0,0,4,0,2,13,4,18,,,,
1430601345.12983,pg_catalog,pg_range,2,12,2,0,0,0,0,0,6,0,2,1,2,2,,,,
1430601345.12983,pg_catalog,pg_attribute,37,7837,14303,45960,1401,20,1219,1,2491,0,413,20226,153,34557,,,,
1430601345.12983,pg_catalog,pg_database,2199,8545,66445,66417,14,0,13,0,4,0,59,68623,459,79640,,,,
1430601345.12983,pg_catalog,pg_conversion,4,528,0,0,0,0,0,0,132,0,6,9,0,0,,,,
1430601345.12983,pg_catalog,pg_type,3,1093,6034,5675,173,0,151,0,361,0,74,6036,56,12781,,,,
1430601345.12983,pg_catalog,pg_trigger,4,0,0,0,0,0,0,0,0,0,0,0,0,0,0,0,0,0
1430601345.12983,information_schema,sql_implementation_info,1,12,,,0,0,0,0,12,0,2,0,,,0,0,0,0
1430601345.12983,information_schema,sql_languages,1,4,,,0,0,0,0,4,0,2,0,,,0,0,0,0
1430601345.12983,public,orders,6,1440000,346808,372152,424578,165200,0,104090,417337,13937,60640,830716,217055,2311409,,,,
1430601345.12983,pg_toast,pg_toast_12309,0,0,0,0,0,0,0,0,0,0,0,0,0,0,,,,
1430601345.12983,pg_toast,pg_toast_12334,0,0,0,0,0,0,0,0,0,0,0,0,0,0,,,,
1430601345.12983,public,stock,4,3200000,5640154,3952505,800000,1936054,0,0,799999,1936054,2355854,8543044,682308,22174887,,,,
1430601345.12983,pg_catalog,pg_amop,4,1744,2126,2816,0,0,0,0,436,0,36,2800,82,4480,,,,
1430601345.12983,pg_toast,pg_toast_1255,0,0,0,0,0,0,0,0,0,0,0,0,0,0,,,,
1430601345.12983,pg_toast,pg_toast_12314,0,0,0,0,0,0,0,0,0,0,0,0,0,0,,,,
1430601345.12983,pg_toast,pg_toast_12324,0,0,0,0,0,0,0,0,0,0,0,0,0,0,,,,
1430601345.12983,pg_catalog,pg_amproc,9,1044,1206,1822,0,0,0,0,344,0,26,1190,49,2572,,,,
1430601345.12983,pg_toast,pg_toast_2964,0,0,0,0,0,0,0,0,0,0,0,0,0,0,,,,
1430601345.12983,pg_catalog,pg_ts_template,3,15,0,0,0,0,0,0,5,0,2,2,0,0,,,,
1430601345.12983,pg_catalog,pg_db_role_setting,39,0,27284,0,0,0,0,0,0,0,0,0,110,27174,0,0,0,0
1430601345.12983,pg_toast,pg_toast_2609,0,0,0,0,0,0,0,0,0,0,0,0,0,0,,,,
1430601345.12983,information_schema,sql_parts,1,9,,,0,0,0,0,9,0,2,0,,,0,0,0,0
1430601345.12983,public,history,1,240000,,,417259,0,0,0,415190,0,16112,180360,,,,,,
1430601345.12983,pg_catalog,pg_class,202,23778,15948,14648,122,324,101,68,316,0,148,17433,136,24494,,,,
1430601345.12983,pg_catalog,pg_seclabel,2,0,252,0,0,0,0,0,0,0,0,0,2,250,0,0,0,0
1430601345.12983,public,item,4,400000,1937987,1936055,100000,0,0,0,100000,0,181732,1765970,15328,3869621,,,,
1430601345.12983,pg_catalog,pg_ts_config_map,2,608,0,0,0,0,0,0,304,0,4,2,0,0,,,,
1430601345.12983,information_schema,sql_sizing,1,23,,,0,0,0,0,23,0,2,0,,,0,0,0,0
1430601345.12983,pg_toast,pg_toast_12339,0,0,0,0,0,0,0,0,0,0,0,0,0,0,,,,
1430601345.12983,information_schema,sql_packages,1,10,,,0,0,0,0,10,0,2,0,,,0,0,0,0
1430601345.12983,pg_toast,pg_toast_2606,0,0,0,0,0,0,0,0,0,0,0,0,0,0,,,,
1430601345.12983,pg_catalog,pg_pltemplate,26,208,0,0,0,0,0,0,8,0,26,13,0,0,,,,
1430601345.12983,pg_catalog,pg_auth_members,39,0,0,0,0,0,0,0,0,0,0,0,0,0,,,,
1430601345.12983,pg_catalog,pg_depend,3,20120,2731,2507,348,0,256,0,6672,256,103,3172,39,6884,,,,
1430601345.12983,pg_toast,pg_toast_2604,0,0,0,0,0,0,0,0,0,0,0,0,0,0,,,,
1430601345.12983,pg_catalog,pg_shseclabel,26,0,13,0,0,0,0,0,0,0,0,0,13,0,,,,
1430601345.12983,information_schema,sql_features,1,672,,,0,0,0,0,672,0,14,0,,,0,0,0,0
1430601345.12983,public,district,50047,3765040,772123,772123,80,361837,0,357065,77,449,6536,7294498,18,1430761,,,,
1430601345.12983,pg_toast,pg_toast_12319,0,0,0,0,0,0,0,0,0,0,0,0,0,0,,,,
1430601345.12983,pg_catalog,pg_description,2,7372,252,0,0,0,0,0,3686,0,64,32,6,501,0,0,0,0
1430601345.12983,pg_catalog,pg_namespace,25,150,1789,1587,0,0,0,0,6,0,12,1601,46,1982,,,,
1430601345.12983,information_schema,sql_sizing_profiles,1,0,,,0,0,0,0,0,0,0,0,,,0,0,0,0
1430601345.12983,pg_catalog,pg_foreign_server,3,0,0,0,0,0,0,0,0,0,0,0,0,0,,,,
1430601405.15542,pg_catalog,pg_operator,3,2295,3063,19893,0,0,0,0,765,0,100,13802,85,6436,,,,
1430601405.15542,pg_catalog,pg_extension,3,3,0,0,0,0,0,0,1,0,2,2,0,0,,,,
1430601405.15542,pg_catalog,pg_authid,449,449,10380,10380,0,0,0,0,1,0,105,10737,354,20406,,,,
1430601405.15542,public,customer,6,1440000,940488,2396870,240000,384480,0,302524,223378,73063,1947468,1440116,457620,2894160,,,,
1430601405.15542,pg_catalog,pg_statistic,2,830,14025,13780,92,518,0,219,491,106,233,15054,69,29024,43,3158,7,2175
1430601405.15542,pg_catalog,pg_opfamily,3,258,0,0,0,0,0,0,86,0,4,4,0,0,,,,
1430601405.15542,public,order_line,4,9112860,406675,5875362,4455391,1863384,0,843345,4435142,1324122,395489,9004146,84372,10837245,,,,
1430601405.15542,pg_catalog,pg_shdescription,30,87,13,0,0,0,0,0,3,0,27,16,27,0,0,0,0,0
1430601405.15542,pg_catalog,pg_event_trigger,3,0,27,0,0,0,0,0,0,0,0,0,2,25,,,,
1430601405.15542,pg_catalog,pg_user_mapping,3,0,0,0,0,0,0,0,0,0,0,0,0,0,,,,
1430601405.15542,pg_catalog,pg_inherits,3,0,84,0,0,0,0,0,0,0,0,0,2,82,,,,
1430601405.15542,pg_toast,pg_toast_3596,0,0,0,0,0,0,0,0,0,0,0,0,0,0,,,,
1430601405.15542,pg_catalog,pg_rewrite,3,327,79,79,0,0,0,0,109,0,72,51,22,114,105,56,44,262
1430601405.15542,pg_catalog,pg_foreign_data_wrapper,3,0,0,0,0,0,0,0,0,0,0,0,0,0,,,,
1430601405.15542,pg_catalog,pg_largeobject_metadata,2,0,0,0,0,0,0,0,0,0,0,0,0,0,,,,
1430601405.15542,pg_catalog,pg_opclass,9,390,1740,21713,0,0,0,0,128,0,46,8284,59,2025,,,,
1430601405.15542,pg_catalog,pg_attrdef,3,0,0,0,0,0,0,0,0,0,0,0,0,0,0,0,0,0
1430601405.15542,pg_catalog,pg_default_acl,3,0,59,0,0,0,0,0,0,0,0,0,2,57,,,,
1430601405.15542,pg_catalog,pg_aggregate,2,266,173,173,0,0,0,0,133,0,16,163,24,242,,,,
1430601405.15542,pg_toast,pg_toast_12329,0,0,0,0,0,0,0,0,0,0,0,0,0,0,,,,
1430601405.15542,public,new_order,4,288000,370060,355215,279567,0,169100,0,107248,47210,25481,1705186,25126,2245639,,,,
1430601405.15542,pg_catalog,pg_ts_dict,3,48,0,0,0,0,0,0,16,0,2,2,0,0,,,,
1430601405.15542,pg_catalog,pg_index,82,7234,4626,5396,27,0,17,0,123,17,57,4852,66,5023,,,,
1430601405.15542,public,warehouse,258451,1563520,411031,411031,8,199450,0,194658,5,4660,1998,82748682,27,801975,,,,
1430601405.15542,pg_catalog,pg_tablespace,81,162,3936,3936,0,0,0,0,2,0,84,3946,163,7749,,,,
1430601405.15542,pg_toast,pg_toast_2619,0,0,2014,7214,76,0,15,0,61,15,43,3158,7,2175,,,,
1430601405.15542,pg_catalog,pg_constraint,5,50,8,0,8,0,0,0,10,0,6,33,8,64,0,0,0,0
1430601405.15542,pg_toast,pg_toast_2618,0,0,117,369,0,0,0,0,0,0,105,56,22,131,,,,
1430601405.15542,pg_catalog,pg_cast,3,594,13485,3123,0,0,0,0,198,0,17,3114,26,13625,,,,
1430601405.15542,pg_catalog,pg_ts_config,3,48,0,0,0,0,0,0,16,0,2,2,0,0,,,,
1430601405.15542,pg_catalog,pg_ts_parser,3,3,0,0,0,0,0,0,1,0,2,2,0,0,,,,
1430601405.15542,pg_toast,pg_toast_2620,0,0,0,0,0,0,0,0,0,0,0,0,0,0,,,,
1430601405.15542,pg_toast,pg_toast_2396,0,0,0,0,0,0,0,0,0,0,0,0,0,0,,,,
1430601405.15542,pg_catalog,pg_largeobject,2,0,0,0,0,0,0,0,0,0,0,0,0,0,,,,
1430601405.15542,pg_catalog,pg_enum,4,0,0,0,0,0,0,0,0,0,0,0,0,0,,,,
1430601405.15542,pg_catalog,pg_foreign_table,2,0,0,0,0,0,0,0,0,0,0,0,0,0,,,,
1430601405.15542,pg_catalog,pg_collation,3,1806,0,0,0,0,0,0,602,0,38,38,0,0,,,,
1430601405.15542,pg_catalog,pg_am,226,238,0,0,0,0,0,0,5,0,14,213,0,0,,,,
1430601405.15542,pg_catalog,pg_proc,3,8073,4647,6228,6,0,0,0,2691,0,304,5361,162,9640,0,0,0,0
1430601405.15542,pg_catalog,pg_shdepend,39,39,4422,1106,0,0,0,0,1,0,27,1131,108,4602,,,,
1430601405.15542,pg_catalog,pg_language,4,16,10,10,0,0,0,0,4,0,2,13,4,18,,,,
1430601405.15542,pg_catalog,pg_range,2,12,2,0,0,0,0,0,6,0,2,1,2,2,,,,
1430601405.15542,pg_catalog,pg_attribute,37,7837,14495,46266,1401,20,1219,1,2491,0,427,20406,160,34939,,,,
1430601405.15542,pg_catalog,pg_database,2199,8545,66445,66417,14,0,13,0,4,0,59,68623,459,79640,,,,
1430601405.15542,pg_catalog,pg_conversion,4,528,0,0,0,0,0,0,132,0,6,9,0,0,,,,
1430601405.15542,pg_catalog,pg_type,3,1093,6126,5767,173,0,151,0,361,0,78,6124,59,12967,,,,
1430601405.15542,pg_catalog,pg_trigger,4,0,0,0,0,0,0,0,0,0,0,0,0,0,0,0,0,0
1430601405.15542,information_schema,sql_implementation_info,1,12,,,0,0,0,0,12,0,2,0,,,0,0,0,0
1430601405.15542,information_schema,sql_languages,1,4,,,0,0,0,0,4,0,2,0,,,0,0,0,0
1430601405.15542,public,orders,6,1440000,388500,420767,447567,185030,0,120071,440093,17940,70885,921619,241260,2574667,,,,
1430601405.15542,pg_toast,pg_toast_12309,0,0,0,0,0,0,0,0,0,0,0,0,0,0,,,,
1430601405.15542,pg_toast,pg_toast_12334,0,0,0,0,0,0,0,0,0,0,0,0,0,0,,,,
1430601405.15542,public,stock,4,3200000,6320837,4443507,800000,2177176,0,0,799999,2177176,2533508,9114716,757198,24886369,,,,
1430601405.15542,pg_catalog,pg_amop,4,1744,2159,2857,0,0,0,0,436,0,38,2839,88,4548,,,,
1430601405.15542,pg_toast,pg_toast_1255,0,0,0,0,0,0,0,0,0,0,0,0,0,0,,,,
1430601405.15542,pg_toast,pg_toast_12314,0,0,0,0,0,0,0,0,0,0,0,0,0,0,,,,
1430601405.15542,pg_toast,pg_toast_12324,0,0,0,0,0,0,0,0,0,0,0,0,0,0,,,,
1430601405.15542,pg_catalog,pg_amproc,9,1044,1219,1841,0,0,0,0,344,0,27,1202,52,2598,,,,
1430601405.15542,pg_toast,pg_toast_2964,0,0,0,0,0,0,0,0,0,0,0,0,0,0,,,,
1430601405.15542,pg_catalog,pg_ts_template,3,15,0,0,0,0,0,0,5,0,2,2,0,0,,,,
1430601405.15542,pg_catalog,pg_db_role_setting,39,0,27284,0,0,0,0,0,0,0,0,0,110,27174,0,0,0,0
1430601405.15542,pg_toast,pg_toast_2609,0,0,0,0,0,0,0,0,0,0,0,0,0,0,,,,
1430601405.15542,information_schema,sql_parts,1,9,,,0,0,0,0,9,0,2,0,,,0,0,0,0
1430601405.15542,public,history,1,240000,,,439450,0,0,0,437381,0,16363,203047,,,,,,
1430601405.15542,pg_catalog,pg_class,208,25674,16246,14823,122,324,101,68,316,0,157,17648,143,24805,,,,
1430601405.15542,pg_catalog,pg_seclabel,2,0,252,0,0,0,0,0,0,0,0,0,2,250,0,0,0,0
1430601405.15542,public,item,4,400000,2179342,2177177,100000,0,0,0,100000,0,198806,1990018,16153,4352665,,,,
1430601405.15542,pg_catalog,pg_ts_config_map,2,608,0,0,0,0,0,0,304,0,4,2,0,0,,,,
1430601405.15542,information_schema,sql_sizing,1,23,,,0,0,0,0,23,0,2,0,,,0,0,0,0
1430601405.15542,pg_toast,pg_toast_12339,0,0,0,0,0,0,0,0,0,0,0,0,0,0,,,,
1430601405.15542,information_schema,sql_packages,1,10,,,0,0,0,0,10,0,2,0,,,0,0,0,0
1430601405.15542,pg_toast,pg_toast_2606,0,0,0,0,0,0,0,0,0,0,0,0,0,0,,,,
1430601405.15542,pg_catalog,pg_pltemplate,26,208,0,0,0,0,0,0,8,0,26,13,0,0,,,,
1430601405.15542,pg_catalog,pg_auth_members,39,0,0,0,0,0,0,0,0,0,0,0,0,0,,,,
1430601405.15542,pg_catalog,pg_depend,3,20120,2731,2507,348,0,256,0,6672,256,103,3172,39,6884,,,,
1430601405.15542,pg_toast,pg_toast_2604,0,0,0,0,0,0,0,0,0,0,0,0,0,0,,,,
1430601405.15542,pg_catalog,pg_shseclabel,26,0,13,0,0,0,0,0,0,0,0,0,13,0,,,,
1430601405.15542,information_schema,sql_features,1,672,,,0,0,0,0,672,0,14,0,,,0,0,0,0
1430601405.15542,public,district,50047,3765040,873256,873256,80,407017,0,402241,77,609,6543,7527446,18,1646971,,,,
1430601405.15542,pg_toast,pg_toast_12319,0,0,0,0,0,0,0,0,0,0,0,0,0,0,,,,
1430601405.15542,pg_catalog,pg_description,2,7372,252,0,0,0,0,0,3686,0,64,32,6,501,0,0,0,0
1430601405.15542,pg_catalog,pg_namespace,27,162,1927,1720,0,0,0,0,6,0,13,1735,50,2123,,,,
1430601405.15542,information_schema,sql_sizing_profiles,1,0,,,0,0,0,0,0,0,0,0,,,0,0,0,0
1430601405.15542,pg_catalog,pg_foreign_server,3,0,0,0,0,0,0,0,0,0,0,0,0,0,,,,
