# hostname;interval;timestamp;DEV;tps;rd_sec/s;wr_sec/s;avgrq-sz;avgqu-sz;await;svctm;%util
ECSPGSQL;60;1430600864;dasda;5.03;0.00;280.98;55.81;0.07;13.31;0.40;0.20
ECSPGSQL;60;1430600864;dasdb;0.00;0.00;0.00;0.00;0.00;0.00;0.00;0.00
ECSPGSQL;60;1430600864;sda;8406.62;0.00;269772.16;32.09;23.14;2.75;0.05;44.49
ECSPGSQL;60;1430600864;vgsys-swap;0.00;0.00;0.00;0.00;0.00;0.00;0.00;0.00
ECSPGSQL;60;1430600864;vgsys-postgreSQL;33721.52;0.00;269772.16;8.00;102.09;3.02;0.01;46.64
ECSPGSQL;60;1430600924;dasda;6.05;0.00;458.40;75.77;0.07;12.34;0.41;0.25
ECSPGSQL;60;1430600924;dasdb;0.00;0.00;0.00;0.00;0.00;0.00;0.00;0.00
ECSPGSQL;60;1430600924;sda;8787.92;0.00;266742.53;30.35;24.95;2.84;0.05;45.22
ECSPGSQL;60;1430600924;vgsys-swap;0.00;0.00;0.00;0.00;0.00;0.00;0.00;0.00
ECSPGSQL;60;1430600924;vgsys-postgreSQL;33342.82;0.00;266742.53;8.00;96.72;2.90;0.01;47.50
ECSPGSQL;60;1430600984;dasda;4.83;0.00;376.53;77.90;0.05;10.48;0.38;0.18
ECSPGSQL;60;1430600984;dasdb;0.53;0.00;6.67;12.50;0.00;0.62;0.31;0.02
ECSPGSQL;60;1430600984;sda;8621.40;0.00;259155.20;30.06;22.65;2.63;0.05;42.23
ECSPGSQL;60;1430600984;vgsys-swap;0.83;0.00;6.67;8.00;0.00;1.60;0.20;0.02
ECSPGSQL;60;1430600984;vgsys-postgreSQL;32399.67;0.00;259197.33;8.00;91.64;2.83;0.01;47.40
ECSPGSQL;60;1430601044;dasda;4.93;0.00;400.00;81.08;0.09;17.64;0.57;0.28
ECSPGSQL;60;1430601044;dasdb;0.23;0.00;2.27;9.71;0.00;0.71;0.71;0.02
ECSPGSQL;60;1430601044;sda;8630.05;0.00;236789.33;27.44;22.79;2.64;0.05;39.37
ECSPGSQL;60;1430601044;vgsys-swap;0.28;0.00;2.27;8.00;0.00;0.59;0.59;0.02
ECSPGSQL;60;1430601044;vgsys-postgreSQL;29593.42;0.00;236747.33;8.00;83.06;2.81;0.02;45.98
ECSPGSQL;60;1430601104;dasda;5.17;0.00;390.33;75.56;0.07;13.58;0.45;0.23
ECSPGSQL;60;1430601104;dasdb;0.08;0.00;0.80;9.60;0.00;0.00;0.00;0.00
ECSPGSQL;60;1430601104;sda;8629.43;0.00;227664.72;26.38;20.86;2.42;0.04;38.28
ECSPGSQL;60;1430601104;vgsys-swap;0.10;0.00;0.80;8.00;0.00;0.00;0.00;0.00
ECSPGSQL;60;1430601104;vgsys-postgreSQL;28458.07;0.00;227664.59;8.00;77.20;2.71;0.02;46.14
ECSPGSQL;60;1430601164;dasda;5.33;0.13;429.54;80.55;0.06;11.84;0.47;0.25
ECSPGSQL;60;1430601164;dasdb;0.08;0.00;0.67;8.00;0.00;0.00;0.00;0.00
ECSPGSQL;60;1430601164;sda;8872.35;0.00;247337.49;27.88;19.95;2.25;0.05;41.66
ECSPGSQL;60;1430601164;vgsys-swap;0.08;0.00;0.67;8.00;0.00;0.00;0.00;0.00
ECSPGSQL;60;1430601164;vgsys-postgreSQL;30917.19;0.00;247337.49;8.00;76.60;2.48;0.02;49.72
ECSPGSQL;60;1430601224;dasda;5.10;0.00;384.34;75.37;0.06;12.03;0.46;0.23
ECSPGSQL;60;1430601224;dasdb;0.05;0.00;0.40;8.00;0.00;0.00;0.00;0.00
ECSPGSQL;60;1430601224;sda;8373.30;0.00;238411.20;28.47;22.52;2.69;0.05;42.44
ECSPGSQL;60;1430601224;vgsys-swap;0.05;0.00;0.40;8.00;0.00;0.00;0.00;0.00
ECSPGSQL;60;1430601224;vgsys-postgreSQL;29806.02;0.00;238448.26;8.00;86.72;2.91;0.02;49.73
ECSPGSQL;60;1430601284;dasda;5.43;0.13;425.33;78.31;0.05;9.85;0.43;0.23
ECSPGSQL;60;1430601284;dasdb;0.00;0.00;0.00;0.00;0.00;0.00;0.00;0.00
ECSPGSQL;60;1430601284;sda;9586.55;0.00;276121.87;28.80;24.56;2.56;0.05;45.73
ECSPGSQL;60;1430601284;vgsys-swap;0.00;0.00;0.00;0.00;0.00;0.00;0.00;0.00
ECSPGSQL;60;1430601284;vgsys-postgreSQL;34513.52;0.00;276108.00;8.00;93.25;2.70;0.01;49.30
ECSPGSQL;60;1430601344;dasda;5.47;0.53;443.47;81.22;0.06;11.13;0.40;0.22
ECSPGSQL;60;1430601344;dasdb;0.00;0.00;0.00;0.00;0.00;0.00;0.00;0.00
ECSPGSQL;60;1430601344;sda;9394.43;0.00;272826.67;29.04;25.05;2.67;0.05;45.38
ECSPGSQL;60;1430601344;vgsys-swap;0.00;0.00;0.00;0.00;0.00;0.00;0.00;0.00
ECSPGSQL;60;1430601344;vgsys-postgreSQL;34105.30;0.00;272842.53;8.00;92.81;2.72;0.01;46.77
ECSPGSQL;60;1430601404;dasda;7.03;61.61;475.81;76.40;0.08;11.64;0.57;0.40
ECSPGSQL;60;1430601404;dasdb;0.00;0.00;0.00;0.00;0.00;0.00;0.00;0.00
ECSPGSQL;60;1430601404;sda;9256.14;0.00;269912.85;29.16;26.19;2.83;0.05;45.56
ECSPGSQL;60;1430601404;vgsys-swap;0.00;0.00;0.00;0.00;0.00;0.00;0.00;0.00
ECSPGSQL;60;1430601404;vgsys-postgreSQL;33734.24;0.00;269873.78;8.00;94.79;2.81;0.01;46.62
